<?xml version="1.0" encoding="ISO-8859-1"?>
<asm name="BibTeX2DocBook">
  <field name="links" type="NTransientLinkSet;" />
  <field name="col" type="J;" />
  <field name="authorSet" type="QMBibTeX!Author;" />
  <field name="titledEntrySet" type="QMBibTeX!TitledEntry;" />
  <field name="articleSet" type="QMBibTeX!Article;" />
  <operation name="main">
    <context type="A" />
    <parameters>
    </parameters>
    <code>
      <!--0--><load arg="0" />
      <!--1--><push arg="OclParametrizedType" />
      <!--2--><push arg="#native" />
      <!--3--><new />
      <!--4--><dup />
      <!--5--><push arg="Collection" />
      <!--6--><call arg="J.setName(S):V" />
      <!--7--><dup />
      <!--8--><push arg="OclSimpleType" />
      <!--9--><push arg="#native" />
      <!--10--><new />
      <!--11--><dup />
      <!--12--><push arg="OclAny" />
      <!--13--><call arg="J.setName(S):V" />
      <!--14--><call arg="J.setElementType(J):V" />
      <!--15--><set arg="col" />
      <!--16--><load arg="0" />
      <!--17--><push arg="TransientLinkSet" />
      <!--18--><push arg="#native" />
      <!--19--><new />
      <!--20--><set arg="links" />
      <!--21--><load arg="0" />
      <!--22--><call arg="A.__initauthorSet():V" />
      <!--23--><load arg="0" />
      <!--24--><call arg="A.__inittitledEntrySet():V" />
      <!--25--><load arg="0" />
      <!--26--><call arg="A.__initarticleSet():V" />
      <!--27--><load arg="0" />
      <!--28--><call arg="A.__matcher__():V" />
      <!--29--><load arg="0" />
      <!--30--><call arg="A.__exec__():V" />
    </code>
    <linenumbertable>
    </linenumbertable>
    <localvariabletable>
      <lve slot="0" name="self" begin="0" end="30" />
    </localvariabletable>
  </operation>
  <operation name="__initauthorSet">
    <context type="A" />
    <parameters>
    </parameters>
    <code>
      <!--0--><load arg="0" />
      <!--1--><push arg="Sequence" />
      <!--2--><push arg="#native" />
      <!--3--><new />
      <!--4--><push arg="Sequence" />
      <!--5--><push arg="#native" />
      <!--6--><new />
      <!--7--><store arg="1" />
      <!--8--><push arg="Author" />
      <!--9--><push arg="BibTeX" />
      <!--10--><findme />
      <!--11--><call arg="J.allInstances():J" />
      <!--12--><iterate />
      <!--13--><store arg="2" />
      <!--14--><push arg="Sequence" />
      <!--15--><push arg="#native" />
      <!--16--><new />
      <!--17--><load arg="1" />
      <!--18--><iterate />
      <!--19--><store arg="3" />
      <!--20--><load arg="3" />
      <!--21--><get arg="author" />
      <!--22--><call arg="CJ.including(J):CJ" />
      <!--23--><enditerate />
      <!--24--><load arg="2" />
      <!--25--><get arg="author" />
      <!--26--><call arg="J.includes(J):J" />
      <!--27--><if arg="32" />
      <!--28--><load arg="1" />
      <!--29--><load arg="2" />
      <!--30--><call arg="J.including(J):J" />
      <!--31--><goto arg="33" />
      <!--32--><load arg="1" />
      <!--33--><store arg="1" />
      <!--34--><enditerate />
      <!--35--><load arg="1" />
      <!--36--><iterate />
      <!--37--><store arg="1" />
      <!--38--><dup />
      <!--39--><call arg="CJ.isEmpty():B" />
      <!--40--><if arg="62" />
      <!--41--><dup />
      <!--42--><pushi arg="1" />
      <!--43--><swap />
      <!--44--><iterate />
      <!--45--><load arg="1" />
      <!--46--><swap />
      <!--47--><store arg="1" />
      <!--48--><load arg="1" />
      <!--49--><get arg="author" />
      <!--50--><swap />
      <!--51--><store arg="1" />
      <!--52--><load arg="1" />
      <!--53--><get arg="author" />
      <!--54--><call arg="I.&gt;(I):B" />
      <!--55--><if arg="58" />
      <!--56--><pushi arg="1" />
      <!--57--><call arg="I.+(I):I" />
      <!--58--><enditerate />
      <!--59--><load arg="1" />
      <!--60--><call arg="QJ.insertAt(IJ):QJ" />
      <!--61--><goto arg="64" />
      <!--62--><load arg="1" />
      <!--63--><call arg="QJ.append(J):QJ" />
      <!--64--><enditerate />
      <!--65--><set arg="authorSet" />
    </code>
    <linenumbertable>
      <lne id="13:124-13:135" begin="4" end="6" />
      <lne id="13:92-13:135" begin="4" end="6" />
      <lne id="13:51-13:64" begin="8" end="10" />
      <lne id="13:51-13:79" begin="8" end="11" />
      <lne id="14:8-14:11" begin="17" end="17" />
      <lne id="14:25-14:26" begin="20" end="20" />
      <lne id="14:25-14:33" begin="20" end="21" />
      <lne id="14:8-14:34" begin="14" end="23" />
      <lne id="14:45-14:46" begin="24" end="24" />
      <lne id="14:45-14:53" begin="24" end="25" />
      <lne id="14:8-14:54" begin="14" end="26" />
      <lne id="17:6-17:9" begin="28" end="28" />
      <lne id="17:21-17:22" begin="29" end="29" />
      <lne id="17:6-17:23" begin="28" end="30" />
      <lne id="15:6-15:9" begin="32" end="32" />
      <lne id="14:5-18:10" begin="14" end="32" />
      <lne id="13:51-19:5" begin="4" end="35" />
      <lne id="19:20-19:21" begin="48" end="48" />
      <lne id="19:20-19:28" begin="48" end="49" />
      <lne id="19:20-19:21" begin="52" end="52" />
      <lne id="19:20-19:28" begin="52" end="53" />
      <lne id="13:51-19:29" begin="1" end="64" />
    </linenumbertable>
    <localvariabletable>
      <lve slot="3" name="e" begin="19" end="22" />
      <lve slot="2" name="e" begin="13" end="33" />
      <lve slot="1" name="ret" begin="7" end="35" />
      <lve slot="1" name="e" begin="37" end="63" />
      <lve slot="0" name="self" begin="0" end="65" />
    </localvariabletable>
  </operation>
  <operation name="__inittitledEntrySet">
    <context type="A" />
    <parameters>
    </parameters>
    <code>
      <!--0--><load arg="0" />
      <!--1--><push arg="Sequence" />
      <!--2--><push arg="#native" />
      <!--3--><new />
      <!--4--><push arg="Sequence" />
      <!--5--><push arg="#native" />
      <!--6--><new />
      <!--7--><store arg="1" />
      <!--8--><push arg="TitledEntry" />
      <!--9--><push arg="BibTeX" />
      <!--10--><findme />
      <!--11--><call arg="J.allInstances():J" />
      <!--12--><iterate />
      <!--13--><store arg="2" />
      <!--14--><push arg="Sequence" />
      <!--15--><push arg="#native" />
      <!--16--><new />
      <!--17--><load arg="1" />
      <!--18--><iterate />
      <!--19--><store arg="3" />
      <!--20--><load arg="3" />
      <!--21--><get arg="title" />
      <!--22--><call arg="CJ.including(J):CJ" />
      <!--23--><enditerate />
      <!--24--><load arg="2" />
      <!--25--><get arg="title" />
      <!--26--><call arg="J.includes(J):J" />
      <!--27--><if arg="32" />
      <!--28--><load arg="1" />
      <!--29--><load arg="2" />
      <!--30--><call arg="J.including(J):J" />
      <!--31--><goto arg="33" />
      <!--32--><load arg="1" />
      <!--33--><store arg="1" />
      <!--34--><enditerate />
      <!--35--><load arg="1" />
      <!--36--><iterate />
      <!--37--><store arg="1" />
      <!--38--><dup />
      <!--39--><call arg="CJ.isEmpty():B" />
      <!--40--><if arg="62" />
      <!--41--><dup />
      <!--42--><pushi arg="1" />
      <!--43--><swap />
      <!--44--><iterate />
      <!--45--><load arg="1" />
      <!--46--><swap />
      <!--47--><store arg="1" />
      <!--48--><load arg="1" />
      <!--49--><get arg="title" />
      <!--50--><swap />
      <!--51--><store arg="1" />
      <!--52--><load arg="1" />
      <!--53--><get arg="title" />
      <!--54--><call arg="I.&gt;(I):B" />
      <!--55--><if arg="58" />
      <!--56--><pushi arg="1" />
      <!--57--><call arg="I.+(I):I" />
      <!--58--><enditerate />
      <!--59--><load arg="1" />
      <!--60--><call arg="QJ.insertAt(IJ):QJ" />
      <!--61--><goto arg="64" />
      <!--62--><load arg="1" />
      <!--63--><call arg="QJ.append(J):QJ" />
      <!--64--><enditerate />
      <!--65--><set arg="titledEntrySet" />
    </code>
    <linenumbertable>
      <lne id="25:144-25:155" begin="4" end="6" />
      <lne id="25:107-25:155" begin="4" end="6" />
      <lne id="25:61-25:79" begin="8" end="10" />
      <lne id="25:61-25:94" begin="8" end="11" />
      <lne id="26:8-26:11" begin="17" end="17" />
      <lne id="26:25-26:26" begin="20" end="20" />
      <lne id="26:25-26:32" begin="20" end="21" />
      <lne id="26:8-26:33" begin="14" end="23" />
      <lne id="26:44-26:45" begin="24" end="24" />
      <lne id="26:44-26:51" begin="24" end="25" />
      <lne id="26:8-26:52" begin="14" end="26" />
      <lne id="29:6-29:9" begin="28" end="28" />
      <lne id="29:21-29:22" begin="29" end="29" />
      <lne id="29:6-29:23" begin="28" end="30" />
      <lne id="27:6-27:9" begin="32" end="32" />
      <lne id="26:5-30:10" begin="14" end="32" />
      <lne id="25:61-31:5" begin="4" end="35" />
      <lne id="31:20-31:21" begin="48" end="48" />
      <lne id="31:20-31:27" begin="48" end="49" />
      <lne id="31:20-31:21" begin="52" end="52" />
      <lne id="31:20-31:27" begin="52" end="53" />
      <lne id="25:61-31:28" begin="1" end="64" />
    </linenumbertable>
    <localvariabletable>
      <lve slot="3" name="e" begin="19" end="22" />
      <lve slot="2" name="e" begin="13" end="33" />
      <lve slot="1" name="ret" begin="7" end="35" />
      <lve slot="1" name="e" begin="37" end="63" />
      <lve slot="0" name="self" begin="0" end="65" />
    </localvariabletable>
  </operation>
  <operation name="__initarticleSet">
    <context type="A" />
    <parameters>
    </parameters>
    <code>
      <!--0--><load arg="0" />
      <!--1--><push arg="Sequence" />
      <!--2--><push arg="#native" />
      <!--3--><new />
      <!--4--><push arg="Sequence" />
      <!--5--><push arg="#native" />
      <!--6--><new />
      <!--7--><store arg="1" />
      <!--8--><push arg="Article" />
      <!--9--><push arg="BibTeX" />
      <!--10--><findme />
      <!--11--><call arg="J.allInstances():J" />
      <!--12--><iterate />
      <!--13--><store arg="2" />
      <!--14--><push arg="Sequence" />
      <!--15--><push arg="#native" />
      <!--16--><new />
      <!--17--><load arg="1" />
      <!--18--><iterate />
      <!--19--><store arg="3" />
      <!--20--><load arg="3" />
      <!--21--><get arg="journal" />
      <!--22--><call arg="CJ.including(J):CJ" />
      <!--23--><enditerate />
      <!--24--><load arg="2" />
      <!--25--><get arg="journal" />
      <!--26--><call arg="J.includes(J):J" />
      <!--27--><if arg="32" />
      <!--28--><load arg="1" />
      <!--29--><load arg="2" />
      <!--30--><call arg="J.including(J):J" />
      <!--31--><goto arg="33" />
      <!--32--><load arg="1" />
      <!--33--><store arg="1" />
      <!--34--><enditerate />
      <!--35--><load arg="1" />
      <!--36--><iterate />
      <!--37--><store arg="1" />
      <!--38--><dup />
      <!--39--><call arg="CJ.isEmpty():B" />
      <!--40--><if arg="62" />
      <!--41--><dup />
      <!--42--><pushi arg="1" />
      <!--43--><swap />
      <!--44--><iterate />
      <!--45--><load arg="1" />
      <!--46--><swap />
      <!--47--><store arg="1" />
      <!--48--><load arg="1" />
      <!--49--><get arg="journal" />
      <!--50--><swap />
      <!--51--><store arg="1" />
      <!--52--><load arg="1" />
      <!--53--><get arg="journal" />
      <!--54--><call arg="I.&gt;(I):B" />
      <!--55--><if arg="58" />
      <!--56--><pushi arg="1" />
      <!--57--><call arg="I.+(I):I" />
      <!--58--><enditerate />
      <!--59--><load arg="1" />
      <!--60--><call arg="QJ.insertAt(IJ):QJ" />
      <!--61--><goto arg="64" />
      <!--62--><load arg="1" />
      <!--63--><call arg="QJ.append(J):QJ" />
      <!--64--><enditerate />
      <!--65--><set arg="articleSet" />
    </code>
    <linenumbertable>
      <lne id="37:128-37:139" begin="4" end="6" />
      <lne id="37:95-37:139" begin="4" end="6" />
      <lne id="37:53-37:67" begin="8" end="10" />
      <lne id="37:53-37:82" begin="8" end="11" />
      <lne id="38:8-38:11" begin="17" end="17" />
      <lne id="38:25-38:26" begin="20" end="20" />
      <lne id="38:25-38:34" begin="20" end="21" />
      <lne id="38:8-38:35" begin="14" end="23" />
      <lne id="38:46-38:47" begin="24" end="24" />
      <lne id="38:46-38:55" begin="24" end="25" />
      <lne id="38:8-38:56" begin="14" end="26" />
      <lne id="41:6-41:9" begin="28" end="28" />
      <lne id="41:21-41:22" begin="29" end="29" />
      <lne id="41:6-41:23" begin="28" end="30" />
      <lne id="39:6-39:9" begin="32" end="32" />
      <lne id="38:5-42:10" begin="14" end="32" />
      <lne id="37:53-43:5" begin="4" end="35" />
      <lne id="43:20-43:21" begin="48" end="48" />
      <lne id="43:20-43:29" begin="48" end="49" />
      <lne id="43:20-43:21" begin="52" end="52" />
      <lne id="43:20-43:29" begin="52" end="53" />
      <lne id="37:53-43:30" begin="1" end="64" />
    </linenumbertable>
    <localvariabletable>
      <lve slot="3" name="e" begin="19" end="22" />
      <lve slot="2" name="e" begin="13" end="33" />
      <lve slot="1" name="ret" begin="7" end="35" />
      <lve slot="1" name="e" begin="37" end="63" />
      <lve slot="0" name="self" begin="0" end="65" />
    </localvariabletable>
  </operation>
  <operation name="__matcher__">
    <context type="A" />
    <parameters>
    </parameters>
    <code>
      <!--0--><load arg="0" />
      <!--1--><call arg="A.__matchMain():V" />
      <!--2--><load arg="0" />
      <!--3--><call arg="A.__matchAuthor():V" />
      <!--4--><load arg="0" />
      <!--5--><call arg="A.__matchUntitledEntry():V" />
      <!--6--><load arg="0" />
      <!--7--><call arg="A.__matchTitledEntry_Title_NoArticle():V" />
      <!--8--><load arg="0" />
      <!--9--><call arg="A.__matchTitledEntry_NoTitle_NoArticle():V" />
      <!--10--><load arg="0" />
      <!--11--><call arg="A.__matchArticle_Title_Journal():V" />
      <!--12--><load arg="0" />
      <!--13--><call arg="A.__matchArticle_NoTitle_Journal():V" />
      <!--14--><load arg="0" />
      <!--15--><call arg="A.__matchArticle_Title_NoJournal():V" />
      <!--16--><load arg="0" />
      <!--17--><call arg="A.__matchArticle_NoTitle_NoJournal():V" />
    </code>
    <linenumbertable>
    </linenumbertable>
    <localvariabletable>
      <lve slot="0" name="self" begin="0" end="17" />
    </localvariabletable>
  </operation>
  <operation name="__matchMain">
    <context type="A" />
    <parameters>
    </parameters>
    <code>
      <!--0--><push arg="BibTeXFile" />
      <!--1--><push arg="BibTeX" />
      <!--2--><findme />
      <!--3--><push arg="Sequence" />
      <!--4--><push arg="#native" />
      <!--5--><new />
      <!--6--><swap />
      <!--7--><dup_x1 />
      <!--8--><push arg="IN" />
      <!--9--><call arg="MMOF!Classifier;.allInstancesFrom(S):QJ" />
      <!--10--><call arg="CJ.union(CJ):CJ" />
      <!--11--><swap />
      <!--12--><pop />
      <!--13--><iterate />
      <!--14--><store arg="1" />
      <!--15--><pusht />
      <!--16--><call arg="B.not():B" />
      <!--17--><if arg="73" />
      <!--18--><load arg="0" />
      <!--19--><get arg="links" />
      <!--20--><push arg="TransientLink" />
      <!--21--><push arg="#native" />
      <!--22--><new />
      <!--23--><dup />
      <!--24--><push arg="Main" />
      <!--25--><call arg="NTransientLink;.setRule(MATL!Rule;):V" />
      <!--26--><dup />
      <!--27--><push arg="bib" />
      <!--28--><load arg="1" />
      <!--29--><call arg="NTransientLink;.addSourceElement(SJ):V" />
      <!--30--><dup />
      <!--31--><push arg="doc" />
      <!--32--><push arg="DocBook" />
      <!--33--><push arg="DocBook" />
      <!--34--><new />
      <!--35--><call arg="NTransientLink;.addTargetElement(SJ):V" />
      <!--36--><dup />
      <!--37--><push arg="boo" />
      <!--38--><push arg="Book" />
      <!--39--><push arg="DocBook" />
      <!--40--><new />
      <!--41--><call arg="NTransientLink;.addTargetElement(SJ):V" />
      <!--42--><dup />
      <!--43--><push arg="art" />
      <!--44--><push arg="Article" />
      <!--45--><push arg="DocBook" />
      <!--46--><new />
      <!--47--><call arg="NTransientLink;.addTargetElement(SJ):V" />
      <!--48--><dup />
      <!--49--><push arg="se1" />
      <!--50--><push arg="Sect1" />
      <!--51--><push arg="DocBook" />
      <!--52--><new />
      <!--53--><call arg="NTransientLink;.addTargetElement(SJ):V" />
      <!--54--><dup />
      <!--55--><push arg="se2" />
      <!--56--><push arg="Sect1" />
      <!--57--><push arg="DocBook" />
      <!--58--><new />
      <!--59--><call arg="NTransientLink;.addTargetElement(SJ):V" />
      <!--60--><dup />
      <!--61--><push arg="se3" />
      <!--62--><push arg="Sect1" />
      <!--63--><push arg="DocBook" />
      <!--64--><new />
      <!--65--><call arg="NTransientLink;.addTargetElement(SJ):V" />
      <!--66--><dup />
      <!--67--><push arg="se4" />
      <!--68--><push arg="Sect1" />
      <!--69--><push arg="DocBook" />
      <!--70--><new />
      <!--71--><call arg="NTransientLink;.addTargetElement(SJ):V" />
      <!--72--><call arg="NTransientLinkSet;.addLink(NTransientLink;):V" />
      <!--73--><enditerate />
    </code>
    <linenumbertable>
      <lne id="77:9-77:24" begin="32" end="34" />
      <lne id="80:9-80:21" begin="38" end="40" />
      <lne id="83:9-83:24" begin="44" end="46" />
      <lne id="87:9-87:22" begin="50" end="52" />
      <lne id="91:9-91:22" begin="56" end="58" />
      <lne id="95:9-95:22" begin="62" end="64" />
      <lne id="99:9-99:22" begin="68" end="70" />
    </linenumbertable>
    <localvariabletable>
      <lve slot="1" name="bib" begin="14" end="72" />
      <lve slot="0" name="self" begin="0" end="73" />
    </localvariabletable>
  </operation>
  <operation name="__matchAuthor">
    <context type="A" />
    <parameters>
    </parameters>
    <code>
      <!--0--><push arg="Author" />
      <!--1--><push arg="BibTeX" />
      <!--2--><findme />
      <!--3--><push arg="Sequence" />
      <!--4--><push arg="#native" />
      <!--5--><new />
      <!--6--><swap />
      <!--7--><dup_x1 />
      <!--8--><push arg="IN" />
      <!--9--><call arg="MMOF!Classifier;.allInstancesFrom(S):QJ" />
      <!--10--><call arg="CJ.union(CJ):CJ" />
      <!--11--><swap />
      <!--12--><pop />
      <!--13--><iterate />
      <!--14--><store arg="1" />
      <!--15--><getasm />
      <!--16--><get arg="authorSet" />
      <!--17--><load arg="1" />
      <!--18--><call arg="J.includes(J):J" />
      <!--19--><call arg="B.not():B" />
      <!--20--><if arg="40" />
      <!--21--><load arg="0" />
      <!--22--><get arg="links" />
      <!--23--><push arg="TransientLink" />
      <!--24--><push arg="#native" />
      <!--25--><new />
      <!--26--><dup />
      <!--27--><push arg="Author" />
      <!--28--><call arg="NTransientLink;.setRule(MATL!Rule;):V" />
      <!--29--><dup />
      <!--30--><push arg="a" />
      <!--31--><load arg="1" />
      <!--32--><call arg="NTransientLink;.addSourceElement(SJ):V" />
      <!--33--><dup />
      <!--34--><push arg="p1" />
      <!--35--><push arg="Para" />
      <!--36--><push arg="DocBook" />
      <!--37--><new />
      <!--38--><call arg="NTransientLink;.addTargetElement(SJ):V" />
      <!--39--><call arg="NTransientLinkSet;.addLink(NTransientLink;):V" />
      <!--40--><enditerate />
    </code>
    <linenumbertable>
      <lne id="110:6-110:16" begin="15" end="15" />
      <lne id="110:6-110:26" begin="15" end="16" />
      <lne id="110:37-110:38" begin="17" end="17" />
      <lne id="110:6-110:39" begin="15" end="18" />
      <lne id="113:8-113:20" begin="35" end="37" />
    </linenumbertable>
    <localvariabletable>
      <lve slot="1" name="a" begin="14" end="39" />
      <lve slot="0" name="self" begin="0" end="40" />
    </localvariabletable>
  </operation>
  <operation name="__matchUntitledEntry">
    <context type="A" />
    <parameters>
    </parameters>
    <code>
      <!--0--><push arg="BibTeXEntry" />
      <!--1--><push arg="BibTeX" />
      <!--2--><findme />
      <!--3--><push arg="Sequence" />
      <!--4--><push arg="#native" />
      <!--5--><new />
      <!--6--><swap />
      <!--7--><dup_x1 />
      <!--8--><push arg="IN" />
      <!--9--><call arg="MMOF!Classifier;.allInstancesFrom(S):QJ" />
      <!--10--><call arg="CJ.union(CJ):CJ" />
      <!--11--><swap />
      <!--12--><pop />
      <!--13--><iterate />
      <!--14--><store arg="1" />
      <!--15--><load arg="1" />
      <!--16--><push arg="TitledEntry" />
      <!--17--><push arg="BibTeX" />
      <!--18--><findme />
      <!--19--><call arg="J.oclIsKindOf(J):J" />
      <!--20--><call arg="J.not():J" />
      <!--21--><call arg="B.not():B" />
      <!--22--><if arg="42" />
      <!--23--><load arg="0" />
      <!--24--><get arg="links" />
      <!--25--><push arg="TransientLink" />
      <!--26--><push arg="#native" />
      <!--27--><new />
      <!--28--><dup />
      <!--29--><push arg="UntitledEntry" />
      <!--30--><call arg="NTransientLink;.setRule(MATL!Rule;):V" />
      <!--31--><dup />
      <!--32--><push arg="e" />
      <!--33--><load arg="1" />
      <!--34--><call arg="NTransientLink;.addSourceElement(SJ):V" />
      <!--35--><dup />
      <!--36--><push arg="p" />
      <!--37--><push arg="Para" />
      <!--38--><push arg="DocBook" />
      <!--39--><new />
      <!--40--><call arg="NTransientLink;.addTargetElement(SJ):V" />
      <!--41--><call arg="NTransientLinkSet;.addLink(NTransientLink;):V" />
      <!--42--><enditerate />
    </code>
    <linenumbertable>
      <lne id="123:8-123:9" begin="15" end="15" />
      <lne id="123:22-123:40" begin="16" end="18" />
      <lne id="123:8-123:41" begin="15" end="19" />
      <lne id="123:4-123:41" begin="15" end="20" />
      <lne id="126:7-126:19" begin="37" end="39" />
    </linenumbertable>
    <localvariabletable>
      <lve slot="1" name="e" begin="14" end="41" />
      <lve slot="0" name="self" begin="0" end="42" />
    </localvariabletable>
  </operation>
  <operation name="__matchTitledEntry_Title_NoArticle">
    <context type="A" />
    <parameters>
    </parameters>
    <code>
      <!--0--><push arg="TitledEntry" />
      <!--1--><push arg="BibTeX" />
      <!--2--><findme />
      <!--3--><push arg="Sequence" />
      <!--4--><push arg="#native" />
      <!--5--><new />
      <!--6--><swap />
      <!--7--><dup_x1 />
      <!--8--><push arg="IN" />
      <!--9--><call arg="MMOF!Classifier;.allInstancesFrom(S):QJ" />
      <!--10--><call arg="CJ.union(CJ):CJ" />
      <!--11--><swap />
      <!--12--><pop />
      <!--13--><iterate />
      <!--14--><store arg="1" />
      <!--15--><getasm />
      <!--16--><get arg="titledEntrySet" />
      <!--17--><load arg="1" />
      <!--18--><call arg="J.includes(J):J" />
      <!--19--><load arg="1" />
      <!--20--><push arg="Article" />
      <!--21--><push arg="BibTeX" />
      <!--22--><findme />
      <!--23--><call arg="J.oclIsKindOf(J):J" />
      <!--24--><call arg="J.not():J" />
      <!--25--><call arg="J.and(J):J" />
      <!--26--><call arg="B.not():B" />
      <!--27--><if arg="53" />
      <!--28--><load arg="0" />
      <!--29--><get arg="links" />
      <!--30--><push arg="TransientLink" />
      <!--31--><push arg="#native" />
      <!--32--><new />
      <!--33--><dup />
      <!--34--><push arg="TitledEntry_Title_NoArticle" />
      <!--35--><call arg="NTransientLink;.setRule(MATL!Rule;):V" />
      <!--36--><dup />
      <!--37--><push arg="e" />
      <!--38--><load arg="1" />
      <!--39--><call arg="NTransientLink;.addSourceElement(SJ):V" />
      <!--40--><dup />
      <!--41--><push arg="entry_para" />
      <!--42--><push arg="Para" />
      <!--43--><push arg="DocBook" />
      <!--44--><new />
      <!--45--><call arg="NTransientLink;.addTargetElement(SJ):V" />
      <!--46--><dup />
      <!--47--><push arg="title_para" />
      <!--48--><push arg="Para" />
      <!--49--><push arg="DocBook" />
      <!--50--><new />
      <!--51--><call arg="NTransientLink;.addTargetElement(SJ):V" />
      <!--52--><call arg="NTransientLinkSet;.addLink(NTransientLink;):V" />
      <!--53--><enditerate />
    </code>
    <linenumbertable>
      <lne id="141:4-141:14" begin="15" end="15" />
      <lne id="141:4-141:29" begin="15" end="16" />
      <lne id="141:40-141:41" begin="17" end="17" />
      <lne id="141:4-141:42" begin="15" end="18" />
      <lne id="142:8-142:9" begin="19" end="19" />
      <lne id="142:22-142:36" begin="20" end="22" />
      <lne id="142:8-142:37" begin="19" end="23" />
      <lne id="142:4-142:37" begin="19" end="24" />
      <lne id="141:4-142:37" begin="15" end="25" />
      <lne id="145:16-145:28" begin="42" end="44" />
      <lne id="148:16-148:28" begin="48" end="50" />
    </linenumbertable>
    <localvariabletable>
      <lve slot="1" name="e" begin="14" end="52" />
      <lve slot="0" name="self" begin="0" end="53" />
    </localvariabletable>
  </operation>
  <operation name="__matchTitledEntry_NoTitle_NoArticle">
    <context type="A" />
    <parameters>
    </parameters>
    <code>
      <!--0--><push arg="TitledEntry" />
      <!--1--><push arg="BibTeX" />
      <!--2--><findme />
      <!--3--><push arg="Sequence" />
      <!--4--><push arg="#native" />
      <!--5--><new />
      <!--6--><swap />
      <!--7--><dup_x1 />
      <!--8--><push arg="IN" />
      <!--9--><call arg="MMOF!Classifier;.allInstancesFrom(S):QJ" />
      <!--10--><call arg="CJ.union(CJ):CJ" />
      <!--11--><swap />
      <!--12--><pop />
      <!--13--><iterate />
      <!--14--><store arg="1" />
      <!--15--><getasm />
      <!--16--><get arg="titledEntrySet" />
      <!--17--><load arg="1" />
      <!--18--><call arg="J.includes(J):J" />
      <!--19--><call arg="J.not():J" />
      <!--20--><load arg="1" />
      <!--21--><push arg="Article" />
      <!--22--><push arg="BibTeX" />
      <!--23--><findme />
      <!--24--><call arg="J.oclIsKindOf(J):J" />
      <!--25--><call arg="J.not():J" />
      <!--26--><call arg="J.and(J):J" />
      <!--27--><call arg="B.not():B" />
      <!--28--><if arg="48" />
      <!--29--><load arg="0" />
      <!--30--><get arg="links" />
      <!--31--><push arg="TransientLink" />
      <!--32--><push arg="#native" />
      <!--33--><new />
      <!--34--><dup />
      <!--35--><push arg="TitledEntry_NoTitle_NoArticle" />
      <!--36--><call arg="NTransientLink;.setRule(MATL!Rule;):V" />
      <!--37--><dup />
      <!--38--><push arg="e" />
      <!--39--><load arg="1" />
      <!--40--><call arg="NTransientLink;.addSourceElement(SJ):V" />
      <!--41--><dup />
      <!--42--><push arg="entry_para" />
      <!--43--><push arg="Para" />
      <!--44--><push arg="DocBook" />
      <!--45--><new />
      <!--46--><call arg="NTransientLink;.addTargetElement(SJ):V" />
      <!--47--><call arg="NTransientLinkSet;.addLink(NTransientLink;):V" />
      <!--48--><enditerate />
    </code>
    <linenumbertable>
      <lne id="162:8-162:18" begin="15" end="15" />
      <lne id="162:8-162:33" begin="15" end="16" />
      <lne id="162:44-162:45" begin="17" end="17" />
      <lne id="162:8-162:46" begin="15" end="18" />
      <lne id="162:4-162:46" begin="15" end="19" />
      <lne id="163:8-163:9" begin="20" end="20" />
      <lne id="163:22-163:36" begin="21" end="23" />
      <lne id="163:8-163:37" begin="20" end="24" />
      <lne id="163:4-163:37" begin="20" end="25" />
      <lne id="162:4-163:37" begin="15" end="26" />
      <lne id="166:16-166:28" begin="43" end="45" />
    </linenumbertable>
    <localvariabletable>
      <lve slot="1" name="e" begin="14" end="47" />
      <lve slot="0" name="self" begin="0" end="48" />
    </localvariabletable>
  </operation>
  <operation name="__matchArticle_Title_Journal">
    <context type="A" />
    <parameters>
    </parameters>
    <code>
      <!--0--><push arg="Article" />
      <!--1--><push arg="BibTeX" />
      <!--2--><findme />
      <!--3--><push arg="Sequence" />
      <!--4--><push arg="#native" />
      <!--5--><new />
      <!--6--><swap />
      <!--7--><dup_x1 />
      <!--8--><push arg="IN" />
      <!--9--><call arg="MMOF!Classifier;.allInstancesFrom(S):QJ" />
      <!--10--><call arg="CJ.union(CJ):CJ" />
      <!--11--><swap />
      <!--12--><pop />
      <!--13--><iterate />
      <!--14--><store arg="1" />
      <!--15--><getasm />
      <!--16--><get arg="titledEntrySet" />
      <!--17--><load arg="1" />
      <!--18--><call arg="J.includes(J):J" />
      <!--19--><getasm />
      <!--20--><get arg="articleSet" />
      <!--21--><load arg="1" />
      <!--22--><call arg="J.includes(J):J" />
      <!--23--><call arg="J.and(J):J" />
      <!--24--><call arg="B.not():B" />
      <!--25--><if arg="57" />
      <!--26--><load arg="0" />
      <!--27--><get arg="links" />
      <!--28--><push arg="TransientLink" />
      <!--29--><push arg="#native" />
      <!--30--><new />
      <!--31--><dup />
      <!--32--><push arg="Article_Title_Journal" />
      <!--33--><call arg="NTransientLink;.setRule(MATL!Rule;):V" />
      <!--34--><dup />
      <!--35--><push arg="e" />
      <!--36--><load arg="1" />
      <!--37--><call arg="NTransientLink;.addSourceElement(SJ):V" />
      <!--38--><dup />
      <!--39--><push arg="entry_para" />
      <!--40--><push arg="Para" />
      <!--41--><push arg="DocBook" />
      <!--42--><new />
      <!--43--><call arg="NTransientLink;.addTargetElement(SJ):V" />
      <!--44--><dup />
      <!--45--><push arg="title_para" />
      <!--46--><push arg="Para" />
      <!--47--><push arg="DocBook" />
      <!--48--><new />
      <!--49--><call arg="NTransientLink;.addTargetElement(SJ):V" />
      <!--50--><dup />
      <!--51--><push arg="journal_para" />
      <!--52--><push arg="Para" />
      <!--53--><push arg="DocBook" />
      <!--54--><new />
      <!--55--><call arg="NTransientLink;.addTargetElement(SJ):V" />
      <!--56--><call arg="NTransientLinkSet;.addLink(NTransientLink;):V" />
      <!--57--><enditerate />
    </code>
    <linenumbertable>
      <lne id="183:4-183:14" begin="15" end="15" />
      <lne id="183:4-183:29" begin="15" end="16" />
      <lne id="183:40-183:41" begin="17" end="17" />
      <lne id="183:4-183:42" begin="15" end="18" />
      <lne id="184:4-184:14" begin="19" end="19" />
      <lne id="184:4-184:25" begin="19" end="20" />
      <lne id="184:36-184:37" begin="21" end="21" />
      <lne id="184:4-184:38" begin="19" end="22" />
      <lne id="183:4-184:38" begin="15" end="23" />
      <lne id="187:16-187:28" begin="40" end="42" />
      <lne id="190:16-190:28" begin="46" end="48" />
      <lne id="193:18-193:30" begin="52" end="54" />
    </linenumbertable>
    <localvariabletable>
      <lve slot="1" name="e" begin="14" end="56" />
      <lve slot="0" name="self" begin="0" end="57" />
    </localvariabletable>
  </operation>
  <operation name="__matchArticle_NoTitle_Journal">
    <context type="A" />
    <parameters>
    </parameters>
    <code>
      <!--0--><push arg="Article" />
      <!--1--><push arg="BibTeX" />
      <!--2--><findme />
      <!--3--><push arg="Sequence" />
      <!--4--><push arg="#native" />
      <!--5--><new />
      <!--6--><swap />
      <!--7--><dup_x1 />
      <!--8--><push arg="IN" />
      <!--9--><call arg="MMOF!Classifier;.allInstancesFrom(S):QJ" />
      <!--10--><call arg="CJ.union(CJ):CJ" />
      <!--11--><swap />
      <!--12--><pop />
      <!--13--><iterate />
      <!--14--><store arg="1" />
      <!--15--><getasm />
      <!--16--><get arg="titledEntrySet" />
      <!--17--><load arg="1" />
      <!--18--><call arg="J.includes(J):J" />
      <!--19--><call arg="J.not():J" />
      <!--20--><getasm />
      <!--21--><get arg="articleSet" />
      <!--22--><load arg="1" />
      <!--23--><call arg="J.includes(J):J" />
      <!--24--><call arg="J.and(J):J" />
      <!--25--><call arg="B.not():B" />
      <!--26--><if arg="52" />
      <!--27--><load arg="0" />
      <!--28--><get arg="links" />
      <!--29--><push arg="TransientLink" />
      <!--30--><push arg="#native" />
      <!--31--><new />
      <!--32--><dup />
      <!--33--><push arg="Article_NoTitle_Journal" />
      <!--34--><call arg="NTransientLink;.setRule(MATL!Rule;):V" />
      <!--35--><dup />
      <!--36--><push arg="e" />
      <!--37--><load arg="1" />
      <!--38--><call arg="NTransientLink;.addSourceElement(SJ):V" />
      <!--39--><dup />
      <!--40--><push arg="entry_para" />
      <!--41--><push arg="Para" />
      <!--42--><push arg="DocBook" />
      <!--43--><new />
      <!--44--><call arg="NTransientLink;.addTargetElement(SJ):V" />
      <!--45--><dup />
      <!--46--><push arg="journal_para" />
      <!--47--><push arg="Para" />
      <!--48--><push arg="DocBook" />
      <!--49--><new />
      <!--50--><call arg="NTransientLink;.addTargetElement(SJ):V" />
      <!--51--><call arg="NTransientLinkSet;.addLink(NTransientLink;):V" />
      <!--52--><enditerate />
    </code>
    <linenumbertable>
      <lne id="209:8-209:18" begin="15" end="15" />
      <lne id="209:8-209:33" begin="15" end="16" />
      <lne id="209:44-209:45" begin="17" end="17" />
      <lne id="209:8-209:46" begin="15" end="18" />
      <lne id="209:4-209:46" begin="15" end="19" />
      <lne id="210:4-210:14" begin="20" end="20" />
      <lne id="210:4-210:25" begin="20" end="21" />
      <lne id="210:36-210:37" begin="22" end="22" />
      <lne id="210:4-210:38" begin="20" end="23" />
      <lne id="209:4-210:38" begin="15" end="24" />
      <lne id="213:16-213:28" begin="41" end="43" />
      <lne id="216:18-216:30" begin="47" end="49" />
    </linenumbertable>
    <localvariabletable>
      <lve slot="1" name="e" begin="14" end="51" />
      <lve slot="0" name="self" begin="0" end="52" />
    </localvariabletable>
  </operation>
  <operation name="__matchArticle_Title_NoJournal">
    <context type="A" />
    <parameters>
    </parameters>
    <code>
      <!--0--><push arg="Article" />
      <!--1--><push arg="BibTeX" />
      <!--2--><findme />
      <!--3--><push arg="Sequence" />
      <!--4--><push arg="#native" />
      <!--5--><new />
      <!--6--><swap />
      <!--7--><dup_x1 />
      <!--8--><push arg="IN" />
      <!--9--><call arg="MMOF!Classifier;.allInstancesFrom(S):QJ" />
      <!--10--><call arg="CJ.union(CJ):CJ" />
      <!--11--><swap />
      <!--12--><pop />
      <!--13--><iterate />
      <!--14--><store arg="1" />
      <!--15--><getasm />
      <!--16--><get arg="titledEntrySet" />
      <!--17--><load arg="1" />
      <!--18--><call arg="J.includes(J):J" />
      <!--19--><getasm />
      <!--20--><get arg="articleSet" />
      <!--21--><load arg="1" />
      <!--22--><call arg="J.includes(J):J" />
      <!--23--><call arg="J.not():J" />
      <!--24--><call arg="J.and(J):J" />
      <!--25--><call arg="B.not():B" />
      <!--26--><if arg="52" />
      <!--27--><load arg="0" />
      <!--28--><get arg="links" />
      <!--29--><push arg="TransientLink" />
      <!--30--><push arg="#native" />
      <!--31--><new />
      <!--32--><dup />
      <!--33--><push arg="Article_Title_NoJournal" />
      <!--34--><call arg="NTransientLink;.setRule(MATL!Rule;):V" />
      <!--35--><dup />
      <!--36--><push arg="e" />
      <!--37--><load arg="1" />
      <!--38--><call arg="NTransientLink;.addSourceElement(SJ):V" />
      <!--39--><dup />
      <!--40--><push arg="entry_para" />
      <!--41--><push arg="Para" />
      <!--42--><push arg="DocBook" />
      <!--43--><new />
      <!--44--><call arg="NTransientLink;.addTargetElement(SJ):V" />
      <!--45--><dup />
      <!--46--><push arg="title_para" />
      <!--47--><push arg="Para" />
      <!--48--><push arg="DocBook" />
      <!--49--><new />
      <!--50--><call arg="NTransientLink;.addTargetElement(SJ):V" />
      <!--51--><call arg="NTransientLinkSet;.addLink(NTransientLink;):V" />
      <!--52--><enditerate />
    </code>
    <linenumbertable>
      <lne id="232:4-232:14" begin="15" end="15" />
      <lne id="232:4-232:29" begin="15" end="16" />
      <lne id="232:40-232:41" begin="17" end="17" />
      <lne id="232:4-232:42" begin="15" end="18" />
      <lne id="233:8-233:18" begin="19" end="19" />
      <lne id="233:8-233:29" begin="19" end="20" />
      <lne id="233:40-233:41" begin="21" end="21" />
      <lne id="233:8-233:42" begin="19" end="22" />
      <lne id="233:4-233:42" begin="19" end="23" />
      <lne id="232:4-233:42" begin="15" end="24" />
      <lne id="236:16-236:28" begin="41" end="43" />
      <lne id="239:16-239:28" begin="47" end="49" />
    </linenumbertable>
    <localvariabletable>
      <lve slot="1" name="e" begin="14" end="51" />
      <lve slot="0" name="self" begin="0" end="52" />
    </localvariabletable>
  </operation>
  <operation name="__matchArticle_NoTitle_NoJournal">
    <context type="A" />
    <parameters>
    </parameters>
    <code>
      <!--0--><push arg="Article" />
      <!--1--><push arg="BibTeX" />
      <!--2--><findme />
      <!--3--><push arg="Sequence" />
      <!--4--><push arg="#native" />
      <!--5--><new />
      <!--6--><swap />
      <!--7--><dup_x1 />
      <!--8--><push arg="IN" />
      <!--9--><call arg="MMOF!Classifier;.allInstancesFrom(S):QJ" />
      <!--10--><call arg="CJ.union(CJ):CJ" />
      <!--11--><swap />
      <!--12--><pop />
      <!--13--><iterate />
      <!--14--><store arg="1" />
      <!--15--><getasm />
      <!--16--><get arg="titledEntrySet" />
      <!--17--><load arg="1" />
      <!--18--><call arg="J.includes(J):J" />
      <!--19--><call arg="J.not():J" />
      <!--20--><getasm />
      <!--21--><get arg="articleSet" />
      <!--22--><load arg="1" />
      <!--23--><call arg="J.includes(J):J" />
      <!--24--><call arg="J.not():J" />
      <!--25--><call arg="J.and(J):J" />
      <!--26--><call arg="B.not():B" />
      <!--27--><if arg="47" />
      <!--28--><load arg="0" />
      <!--29--><get arg="links" />
      <!--30--><push arg="TransientLink" />
      <!--31--><push arg="#native" />
      <!--32--><new />
      <!--33--><dup />
      <!--34--><push arg="Article_NoTitle_NoJournal" />
      <!--35--><call arg="NTransientLink;.setRule(MATL!Rule;):V" />
      <!--36--><dup />
      <!--37--><push arg="e" />
      <!--38--><load arg="1" />
      <!--39--><call arg="NTransientLink;.addSourceElement(SJ):V" />
      <!--40--><dup />
      <!--41--><push arg="entry_para" />
      <!--42--><push arg="Para" />
      <!--43--><push arg="DocBook" />
      <!--44--><new />
      <!--45--><call arg="NTransientLink;.addTargetElement(SJ):V" />
      <!--46--><call arg="NTransientLinkSet;.addLink(NTransientLink;):V" />
      <!--47--><enditerate />
    </code>
    <linenumbertable>
      <lne id="254:8-254:18" begin="15" end="15" />
      <lne id="254:8-254:33" begin="15" end="16" />
      <lne id="254:44-254:45" begin="17" end="17" />
      <lne id="254:8-254:46" begin="15" end="18" />
      <lne id="254:4-254:46" begin="15" end="19" />
      <lne id="255:8-255:18" begin="20" end="20" />
      <lne id="255:8-255:29" begin="20" end="21" />
      <lne id="255:40-255:41" begin="22" end="22" />
      <lne id="255:8-255:42" begin="20" end="23" />
      <lne id="255:4-255:42" begin="20" end="24" />
      <lne id="254:4-255:42" begin="15" end="25" />
      <lne id="258:16-258:28" begin="42" end="44" />
    </linenumbertable>
    <localvariabletable>
      <lve slot="1" name="e" begin="14" end="46" />
      <lve slot="0" name="self" begin="0" end="47" />
    </localvariabletable>
  </operation>
  <operation name="__resolve__">
    <context type="A" />
    <parameters>
      <parameter name="1" type="J" />
    </parameters>
    <code>
      <!--0--><load arg="1" />
      <!--1--><load arg="0" />
      <!--2--><get arg="col" />
      <!--3--><call arg="J.oclIsKindOf(J):B" />
      <!--4--><if arg="18" />
      <!--5--><load arg="0" />
      <!--6--><get arg="links" />
      <!--7--><load arg="1" />
      <!--8--><call arg="NTransientLinkSet;.getLinkBySourceElement(S):QNTransientLink;" />
      <!--9--><dup />
      <!--10--><call arg="J.oclIsUndefined():J" />
      <!--11--><if arg="15" />
      <!--12--><load arg="1" />
      <!--13--><call arg="NTransientLink;.getTargetFromSource(J):J" />
      <!--14--><goto arg="17" />
      <!--15--><pop />
      <!--16--><load arg="1" />
      <!--17--><goto arg="30" />
      <!--18--><push arg="Sequence" />
      <!--19--><push arg="#native" />
      <!--20--><new />
      <!--21--><load arg="1" />
      <!--22--><iterate />
      <!--23--><store arg="2" />
      <!--24--><load arg="0" />
      <!--25--><load arg="2" />
      <!--26--><call arg="A.__resolve__(J):J" />
      <!--27--><call arg="QJ.including(J):QJ" />
      <!--28--><enditerate />
      <!--29--><call arg="QJ.flatten():QJ" />
    </code>
    <linenumbertable>
    </linenumbertable>
    <localvariabletable>
      <lve slot="2" name="e" begin="23" end="27" />
      <lve slot="0" name="self" begin="0" end="29" />
      <lve slot="1" name="value" begin="0" end="29" />
    </localvariabletable>
  </operation>
  <operation name="resolveTemp">
    <context type="A" />
    <parameters>
      <parameter name="1" type="J" />
      <parameter name="2" type="S" />
    </parameters>
    <code>
      <!--0--><load arg="0" />
      <!--1--><get arg="links" />
      <!--2--><load arg="1" />
      <!--3--><call arg="NTransientLinkSet;.getLinkBySourceElement(S):QNTransientLink;" />
      <!--4--><load arg="1" />
      <!--5--><load arg="2" />
      <!--6--><call arg="NTransientLink;.getNamedTargetFromSource(JS):J" />
    </code>
    <linenumbertable>
    </linenumbertable>
    <localvariabletable>
      <lve slot="0" name="self" begin="0" end="6" />
      <lve slot="1" name="value" begin="0" end="6" />
      <lve slot="2" name="name" begin="0" end="6" />
    </localvariabletable>
  </operation>
  <operation name="__exec__">
    <context type="A" />
    <parameters>
    </parameters>
    <code>
      <!--0--><load arg="0" />
      <!--1--><get arg="links" />
      <!--2--><push arg="Main" />
      <!--3--><call arg="NTransientLinkSet;.getLinksByRule(S):QNTransientLink;" />
      <!--4--><iterate />
      <!--5--><store arg="1" />
      <!--6--><load arg="0" />
      <!--7--><load arg="1" />
      <!--8--><call arg="A.__applyMain(NTransientLink;):V" />
      <!--9--><enditerate />
      <!--10--><load arg="0" />
      <!--11--><get arg="links" />
      <!--12--><push arg="Author" />
      <!--13--><call arg="NTransientLinkSet;.getLinksByRule(S):QNTransientLink;" />
      <!--14--><iterate />
      <!--15--><store arg="1" />
      <!--16--><load arg="0" />
      <!--17--><load arg="1" />
      <!--18--><call arg="A.__applyAuthor(NTransientLink;):V" />
      <!--19--><enditerate />
      <!--20--><load arg="0" />
      <!--21--><get arg="links" />
      <!--22--><push arg="UntitledEntry" />
      <!--23--><call arg="NTransientLinkSet;.getLinksByRule(S):QNTransientLink;" />
      <!--24--><iterate />
      <!--25--><store arg="1" />
      <!--26--><load arg="0" />
      <!--27--><load arg="1" />
      <!--28--><call arg="A.__applyUntitledEntry(NTransientLink;):V" />
      <!--29--><enditerate />
      <!--30--><load arg="0" />
      <!--31--><get arg="links" />
      <!--32--><push arg="TitledEntry_Title_NoArticle" />
      <!--33--><call arg="NTransientLinkSet;.getLinksByRule(S):QNTransientLink;" />
      <!--34--><iterate />
      <!--35--><store arg="1" />
      <!--36--><load arg="0" />
      <!--37--><load arg="1" />
      <!--38--><call arg="A.__applyTitledEntry_Title_NoArticle(NTransientLink;):V" />
      <!--39--><enditerate />
      <!--40--><load arg="0" />
      <!--41--><get arg="links" />
      <!--42--><push arg="TitledEntry_NoTitle_NoArticle" />
      <!--43--><call arg="NTransientLinkSet;.getLinksByRule(S):QNTransientLink;" />
      <!--44--><iterate />
      <!--45--><store arg="1" />
      <!--46--><load arg="0" />
      <!--47--><load arg="1" />
      <!--48--><call arg="A.__applyTitledEntry_NoTitle_NoArticle(NTransientLink;):V" />
      <!--49--><enditerate />
      <!--50--><load arg="0" />
      <!--51--><get arg="links" />
      <!--52--><push arg="Article_Title_Journal" />
      <!--53--><call arg="NTransientLinkSet;.getLinksByRule(S):QNTransientLink;" />
      <!--54--><iterate />
      <!--55--><store arg="1" />
      <!--56--><load arg="0" />
      <!--57--><load arg="1" />
      <!--58--><call arg="A.__applyArticle_Title_Journal(NTransientLink;):V" />
      <!--59--><enditerate />
      <!--60--><load arg="0" />
      <!--61--><get arg="links" />
      <!--62--><push arg="Article_NoTitle_Journal" />
      <!--63--><call arg="NTransientLinkSet;.getLinksByRule(S):QNTransientLink;" />
      <!--64--><iterate />
      <!--65--><store arg="1" />
      <!--66--><load arg="0" />
      <!--67--><load arg="1" />
      <!--68--><call arg="A.__applyArticle_NoTitle_Journal(NTransientLink;):V" />
      <!--69--><enditerate />
      <!--70--><load arg="0" />
      <!--71--><get arg="links" />
      <!--72--><push arg="Article_Title_NoJournal" />
      <!--73--><call arg="NTransientLinkSet;.getLinksByRule(S):QNTransientLink;" />
      <!--74--><iterate />
      <!--75--><store arg="1" />
      <!--76--><load arg="0" />
      <!--77--><load arg="1" />
      <!--78--><call arg="A.__applyArticle_Title_NoJournal(NTransientLink;):V" />
      <!--79--><enditerate />
      <!--80--><load arg="0" />
      <!--81--><get arg="links" />
      <!--82--><push arg="Article_NoTitle_NoJournal" />
      <!--83--><call arg="NTransientLinkSet;.getLinksByRule(S):QNTransientLink;" />
      <!--84--><iterate />
      <!--85--><store arg="1" />
      <!--86--><load arg="0" />
      <!--87--><load arg="1" />
      <!--88--><call arg="A.__applyArticle_NoTitle_NoJournal(NTransientLink;):V" />
      <!--89--><enditerate />
    </code>
    <linenumbertable>
    </linenumbertable>
    <localvariabletable>
      <lve slot="1" name="e" begin="5" end="8" />
      <lve slot="1" name="e" begin="15" end="18" />
      <lve slot="1" name="e" begin="25" end="28" />
      <lve slot="1" name="e" begin="35" end="38" />
      <lve slot="1" name="e" begin="45" end="48" />
      <lve slot="1" name="e" begin="55" end="58" />
      <lve slot="1" name="e" begin="65" end="68" />
      <lve slot="1" name="e" begin="75" end="78" />
      <lve slot="1" name="e" begin="85" end="88" />
      <lve slot="0" name="self" begin="0" end="89" />
    </localvariabletable>
  </operation>
  <operation name="buildEntryPara">
    <context type="MBibTeX!BibTeXEntry;" />
    <parameters>
    </parameters>
    <code>
      <!--0--><push arg="[" />
      <!--1--><load arg="0" />
      <!--2--><get arg="id" />
      <!--3--><call arg="J.+(J):J" />
      <!--4--><push arg="]" />
      <!--5--><call arg="J.+(J):J" />
      <!--6--><push arg=" " />
      <!--7--><call arg="J.+(J):J" />
      <!--8--><load arg="0" />
      <!--9--><call arg="J.oclType():J" />
      <!--10--><get arg="name" />
      <!--11--><call arg="J.+(J):J" />
      <!--12--><load arg="0" />
      <!--13--><push arg="TitledEntry" />
      <!--14--><push arg="BibTeX" />
      <!--15--><findme />
      <!--16--><call arg="J.oclIsKindOf(J):J" />
      <!--17--><if arg="20" />
      <!--18--><push arg="" />
      <!--19--><goto arg="24" />
      <!--20--><push arg=" " />
      <!--21--><load arg="0" />
      <!--22--><get arg="title" />
      <!--23--><call arg="J.+(J):J" />
      <!--24--><call arg="J.+(J):J" />
      <!--25--><load arg="0" />
      <!--26--><push arg="AuthoredEntry" />
      <!--27--><push arg="BibTeX" />
      <!--28--><findme />
      <!--29--><call arg="J.oclIsKindOf(J):J" />
      <!--30--><if arg="33" />
      <!--31--><push arg="" />
      <!--32--><goto arg="48" />
      <!--33--><push arg="" />
      <!--34--><store arg="1" />
      <!--35--><load arg="0" />
      <!--36--><get arg="authors" />
      <!--37--><iterate />
      <!--38--><store arg="2" />
      <!--39--><load arg="1" />
      <!--40--><push arg=" " />
      <!--41--><call arg="J.+(J):J" />
      <!--42--><load arg="2" />
      <!--43--><get arg="author" />
      <!--44--><call arg="J.+(J):J" />
      <!--45--><store arg="1" />
      <!--46--><enditerate />
      <!--47--><load arg="1" />
      <!--48--><call arg="J.+(J):J" />
      <!--49--><load arg="0" />
      <!--50--><push arg="DatedEntry" />
      <!--51--><push arg="BibTeX" />
      <!--52--><findme />
      <!--53--><call arg="J.oclIsKindOf(J):J" />
      <!--54--><if arg="57" />
      <!--55--><push arg="" />
      <!--56--><goto arg="61" />
      <!--57--><push arg=" " />
      <!--58--><load arg="0" />
      <!--59--><get arg="year" />
      <!--60--><call arg="J.+(J):J" />
      <!--61--><call arg="J.+(J):J" />
      <!--62--><load arg="0" />
      <!--63--><push arg="BookTitledEntry" />
      <!--64--><push arg="BibTeX" />
      <!--65--><findme />
      <!--66--><call arg="J.oclIsKindOf(J):J" />
      <!--67--><if arg="70" />
      <!--68--><push arg="" />
      <!--69--><goto arg="74" />
      <!--70--><push arg=" " />
      <!--71--><load arg="0" />
      <!--72--><get arg="booktitle" />
      <!--73--><call arg="J.+(J):J" />
      <!--74--><call arg="J.+(J):J" />
      <!--75--><load arg="0" />
      <!--76--><push arg="ThesisEntry" />
      <!--77--><push arg="BibTeX" />
      <!--78--><findme />
      <!--79--><call arg="J.oclIsKindOf(J):J" />
      <!--80--><if arg="83" />
      <!--81--><push arg="" />
      <!--82--><goto arg="87" />
      <!--83--><push arg=" " />
      <!--84--><load arg="0" />
      <!--85--><get arg="school" />
      <!--86--><call arg="J.+(J):J" />
      <!--87--><call arg="J.+(J):J" />
      <!--88--><load arg="0" />
      <!--89--><push arg="Article" />
      <!--90--><push arg="BibTeX" />
      <!--91--><findme />
      <!--92--><call arg="J.oclIsKindOf(J):J" />
      <!--93--><if arg="96" />
      <!--94--><push arg="" />
      <!--95--><goto arg="100" />
      <!--96--><push arg=" " />
      <!--97--><load arg="0" />
      <!--98--><get arg="journal" />
      <!--99--><call arg="J.+(J):J" />
      <!--100--><call arg="J.+(J):J" />
      <!--101--><load arg="0" />
      <!--102--><push arg="Unpublished" />
      <!--103--><push arg="BibTeX" />
      <!--104--><findme />
      <!--105--><call arg="J.oclIsKindOf(J):J" />
      <!--106--><if arg="109" />
      <!--107--><push arg="" />
      <!--108--><goto arg="113" />
      <!--109--><push arg=" " />
      <!--110--><load arg="0" />
      <!--111--><get arg="note" />
      <!--112--><call arg="J.+(J):J" />
      <!--113--><call arg="J.+(J):J" />
      <!--114--><load arg="0" />
      <!--115--><push arg="Book" />
      <!--116--><push arg="BibTeX" />
      <!--117--><findme />
      <!--118--><call arg="J.oclIsKindOf(J):J" />
      <!--119--><if arg="122" />
      <!--120--><push arg="" />
      <!--121--><goto arg="126" />
      <!--122--><push arg=" " />
      <!--123--><load arg="0" />
      <!--124--><get arg="publisher" />
      <!--125--><call arg="J.+(J):J" />
      <!--126--><call arg="J.+(J):J" />
      <!--127--><load arg="0" />
      <!--128--><push arg="InBook" />
      <!--129--><push arg="BibTeX" />
      <!--130--><findme />
      <!--131--><call arg="J.oclIsKindOf(J):J" />
      <!--132--><if arg="135" />
      <!--133--><push arg="" />
      <!--134--><goto arg="140" />
      <!--135--><push arg=" " />
      <!--136--><load arg="0" />
      <!--137--><get arg="chapter" />
      <!--138--><call arg="J.toString():J" />
      <!--139--><call arg="J.+(J):J" />
      <!--140--><call arg="J.+(J):J" />
    </code>
    <linenumbertable>
      <lne id="50:2-50:5" begin="0" end="0" />
      <lne id="50:8-50:12" begin="1" end="1" />
      <lne id="50:8-50:15" begin="1" end="2" />
      <lne id="50:2-50:15" begin="0" end="3" />
      <lne id="50:18-50:21" begin="4" end="4" />
      <lne id="50:2-50:21" begin="0" end="5" />
      <lne id="51:4-51:7" begin="6" end="6" />
      <lne id="50:2-51:7" begin="0" end="7" />
      <lne id="51:10-51:14" begin="8" end="8" />
      <lne id="51:10-51:24" begin="8" end="9" />
      <lne id="51:10-51:29" begin="8" end="10" />
      <lne id="50:2-51:29" begin="0" end="11" />
      <lne id="52:8-52:12" begin="12" end="12" />
      <lne id="52:25-52:43" begin="13" end="15" />
      <lne id="52:8-52:44" begin="12" end="16" />
      <lne id="52:72-52:74" begin="18" end="18" />
      <lne id="52:50-52:53" begin="20" end="20" />
      <lne id="52:56-52:60" begin="21" end="21" />
      <lne id="52:56-52:66" begin="21" end="22" />
      <lne id="52:50-52:66" begin="20" end="23" />
      <lne id="52:5-52:80" begin="12" end="23" />
      <lne id="50:2-52:81" begin="0" end="24" />
      <lne id="53:8-53:12" begin="25" end="25" />
      <lne id="53:25-53:45" begin="26" end="28" />
      <lne id="53:8-53:46" begin="25" end="29" />
      <lne id="55:10-55:12" begin="31" end="31" />
      <lne id="54:50-54:52" begin="33" end="33" />
      <lne id="54:35-54:52" begin="33" end="33" />
      <lne id="54:10-54:14" begin="35" end="35" />
      <lne id="54:10-54:22" begin="35" end="36" />
      <lne id="54:55-54:58" begin="39" end="39" />
      <lne id="54:61-54:64" begin="40" end="40" />
      <lne id="54:55-54:64" begin="39" end="41" />
      <lne id="54:67-54:68" begin="42" end="42" />
      <lne id="54:67-54:75" begin="42" end="43" />
      <lne id="54:55-54:75" begin="39" end="44" />
      <lne id="54:10-54:76" begin="33" end="47" />
      <lne id="53:5-56:10" begin="25" end="47" />
      <lne id="50:2-56:11" begin="0" end="48" />
      <lne id="57:8-57:12" begin="49" end="49" />
      <lne id="57:25-57:42" begin="50" end="52" />
      <lne id="57:8-57:43" begin="49" end="53" />
      <lne id="57:70-57:72" begin="55" end="55" />
      <lne id="57:49-57:52" begin="57" end="57" />
      <lne id="57:55-57:59" begin="58" end="58" />
      <lne id="57:55-57:64" begin="58" end="59" />
      <lne id="57:49-57:64" begin="57" end="60" />
      <lne id="57:5-57:78" begin="49" end="60" />
      <lne id="50:2-57:79" begin="0" end="61" />
      <lne id="58:8-58:12" begin="62" end="62" />
      <lne id="58:25-58:47" begin="63" end="65" />
      <lne id="58:8-58:48" begin="62" end="66" />
      <lne id="58:80-58:82" begin="68" end="68" />
      <lne id="58:54-58:57" begin="70" end="70" />
      <lne id="58:60-58:64" begin="71" end="71" />
      <lne id="58:60-58:74" begin="71" end="72" />
      <lne id="58:54-58:74" begin="70" end="73" />
      <lne id="58:5-58:88" begin="62" end="73" />
      <lne id="50:2-58:89" begin="0" end="74" />
      <lne id="59:8-59:12" begin="75" end="75" />
      <lne id="59:25-59:43" begin="76" end="78" />
      <lne id="59:8-59:44" begin="75" end="79" />
      <lne id="59:74-59:76" begin="81" end="81" />
      <lne id="59:50-59:53" begin="83" end="83" />
      <lne id="59:57-59:61" begin="84" end="84" />
      <lne id="59:57-59:68" begin="84" end="85" />
      <lne id="59:50-59:68" begin="83" end="86" />
      <lne id="59:5-59:82" begin="75" end="86" />
      <lne id="50:2-59:83" begin="0" end="87" />
      <lne id="60:8-60:12" begin="88" end="88" />
      <lne id="60:25-60:39" begin="89" end="91" />
      <lne id="60:8-60:40" begin="88" end="92" />
      <lne id="60:70-60:72" begin="94" end="94" />
      <lne id="60:46-60:49" begin="96" end="96" />
      <lne id="60:52-60:56" begin="97" end="97" />
      <lne id="60:52-60:64" begin="97" end="98" />
      <lne id="60:46-60:64" begin="96" end="99" />
      <lne id="60:5-60:78" begin="88" end="99" />
      <lne id="50:2-60:79" begin="0" end="100" />
      <lne id="61:8-61:12" begin="101" end="101" />
      <lne id="61:25-61:43" begin="102" end="104" />
      <lne id="61:8-61:44" begin="101" end="105" />
      <lne id="61:71-61:73" begin="107" end="107" />
      <lne id="61:50-61:53" begin="109" end="109" />
      <lne id="61:56-61:60" begin="110" end="110" />
      <lne id="61:56-61:65" begin="110" end="111" />
      <lne id="61:50-61:65" begin="109" end="112" />
      <lne id="61:5-61:79" begin="101" end="112" />
      <lne id="50:2-61:80" begin="0" end="113" />
      <lne id="62:8-62:12" begin="114" end="114" />
      <lne id="62:25-62:36" begin="115" end="117" />
      <lne id="62:8-62:37" begin="114" end="118" />
      <lne id="62:69-62:71" begin="120" end="120" />
      <lne id="62:43-62:46" begin="122" end="122" />
      <lne id="62:49-62:53" begin="123" end="123" />
      <lne id="62:49-62:63" begin="123" end="124" />
      <lne id="62:43-62:63" begin="122" end="125" />
      <lne id="62:5-62:77" begin="114" end="125" />
      <lne id="50:2-62:78" begin="0" end="126" />
      <lne id="63:8-63:12" begin="127" end="127" />
      <lne id="63:25-63:38" begin="128" end="130" />
      <lne id="63:8-63:39" begin="127" end="131" />
      <lne id="63:80-63:82" begin="133" end="133" />
      <lne id="63:45-63:48" begin="135" end="135" />
      <lne id="63:51-63:55" begin="136" end="136" />
      <lne id="63:51-63:63" begin="136" end="137" />
      <lne id="63:51-63:74" begin="136" end="138" />
      <lne id="63:45-63:74" begin="135" end="139" />
      <lne id="63:5-63:88" begin="127" end="139" />
      <lne id="50:2-63:89" begin="0" end="140" />
    </linenumbertable>
    <localvariabletable>
      <lve slot="2" name="e" begin="38" end="45" />
      <lve slot="1" name="str" begin="34" end="47" />
      <lve slot="0" name="self" begin="0" end="140" />
    </localvariabletable>
  </operation>
  <operation name="__applyMain">
    <context type="A" />
    <parameters>
      <parameter name="1" type="NTransientLink;" />
    </parameters>
    <code>
      <!--0--><load arg="1" />
      <!--1--><push arg="bib" />
      <!--2--><call arg="NTransientLink;.getSourceElement(S):J" />
      <!--3--><store arg="2" />
      <!--4--><load arg="1" />
      <!--5--><push arg="doc" />
      <!--6--><call arg="NTransientLink;.getTargetElement(S):J" />
      <!--7--><store arg="3" />
      <!--8--><load arg="1" />
      <!--9--><push arg="boo" />
      <!--10--><call arg="NTransientLink;.getTargetElement(S):J" />
      <!--11--><store arg="4" />
      <!--12--><load arg="1" />
      <!--13--><push arg="art" />
      <!--14--><call arg="NTransientLink;.getTargetElement(S):J" />
      <!--15--><store arg="5" />
      <!--16--><load arg="1" />
      <!--17--><push arg="se1" />
      <!--18--><call arg="NTransientLink;.getTargetElement(S):J" />
      <!--19--><store arg="6" />
      <!--20--><load arg="1" />
      <!--21--><push arg="se2" />
      <!--22--><call arg="NTransientLink;.getTargetElement(S):J" />
      <!--23--><store arg="7" />
      <!--24--><load arg="1" />
      <!--25--><push arg="se3" />
      <!--26--><call arg="NTransientLink;.getTargetElement(S):J" />
      <!--27--><store arg="8" />
      <!--28--><load arg="1" />
      <!--29--><push arg="se4" />
      <!--30--><call arg="NTransientLink;.getTargetElement(S):J" />
      <!--31--><store arg="9" />
      <!--32--><load arg="3" />
      <!--33--><dup />
      <!--34--><load arg="0" />
      <!--35--><load arg="4" />
      <!--36--><call arg="A.__resolve__(J):J" />
      <!--37--><set arg="books" />
      <!--38--><dup />
      <!--39--><load arg="0" />
      <!--40--><load arg="2" />
      <!--41--><get arg="ID" />
      <!--42--><push arg="a0" />
      <!--43--><call arg="J.+(J):J" />
      <!--44--><call arg="A.__resolve__(J):J" />
      <!--45--><set arg="ID" />
      <!--46--><pop />
      <!--47--><load arg="4" />
      <!--48--><dup />
      <!--49--><load arg="0" />
      <!--50--><load arg="5" />
      <!--51--><call arg="A.__resolve__(J):J" />
      <!--52--><set arg="articles" />
      <!--53--><dup />
      <!--54--><load arg="0" />
      <!--55--><load arg="2" />
      <!--56--><get arg="ID" />
      <!--57--><push arg="a1" />
      <!--58--><call arg="J.+(J):J" />
      <!--59--><call arg="A.__resolve__(J):J" />
      <!--60--><set arg="ID" />
      <!--61--><pop />
      <!--62--><load arg="5" />
      <!--63--><dup />
      <!--64--><load arg="0" />
      <!--65--><push arg="BibTeXML to DocBook" />
      <!--66--><call arg="A.__resolve__(J):J" />
      <!--67--><set arg="title" />
      <!--68--><dup />
      <!--69--><load arg="0" />
      <!--70--><push arg="Sequence" />
      <!--71--><push arg="#native" />
      <!--72--><new />
      <!--73--><load arg="6" />
      <!--74--><call arg="CJ.including(J):CJ" />
      <!--75--><load arg="7" />
      <!--76--><call arg="CJ.including(J):CJ" />
      <!--77--><load arg="8" />
      <!--78--><call arg="CJ.including(J):CJ" />
      <!--79--><load arg="9" />
      <!--80--><call arg="CJ.including(J):CJ" />
      <!--81--><call arg="A.__resolve__(J):J" />
      <!--82--><set arg="sections_1" />
      <!--83--><dup />
      <!--84--><load arg="0" />
      <!--85--><load arg="2" />
      <!--86--><get arg="ID" />
      <!--87--><push arg="a2" />
      <!--88--><call arg="J.+(J):J" />
      <!--89--><call arg="A.__resolve__(J):J" />
      <!--90--><set arg="ID" />
      <!--91--><pop />
      <!--92--><load arg="6" />
      <!--93--><dup />
      <!--94--><load arg="0" />
      <!--95--><push arg="References List" />
      <!--96--><call arg="A.__resolve__(J):J" />
      <!--97--><set arg="title" />
      <!--98--><dup />
      <!--99--><load arg="0" />
      <!--100--><push arg="Sequence" />
      <!--101--><push arg="#native" />
      <!--102--><new />
      <!--103--><push arg="BibTeXEntry" />
      <!--104--><push arg="BibTeX" />
      <!--105--><findme />
      <!--106--><call arg="J.allInstances():J" />
      <!--107--><iterate />
      <!--108--><store arg="10" />
      <!--109--><dup />
      <!--110--><call arg="CJ.isEmpty():B" />
      <!--111--><if arg="133" />
      <!--112--><dup />
      <!--113--><pushi arg="1" />
      <!--114--><swap />
      <!--115--><iterate />
      <!--116--><load arg="10" />
      <!--117--><swap />
      <!--118--><store arg="10" />
      <!--119--><load arg="10" />
      <!--120--><get arg="id" />
      <!--121--><swap />
      <!--122--><store arg="10" />
      <!--123--><load arg="10" />
      <!--124--><get arg="id" />
      <!--125--><call arg="I.&gt;(I):B" />
      <!--126--><if arg="129" />
      <!--127--><pushi arg="1" />
      <!--128--><call arg="I.+(I):I" />
      <!--129--><enditerate />
      <!--130--><load arg="10" />
      <!--131--><call arg="QJ.insertAt(IJ):QJ" />
      <!--132--><goto arg="135" />
      <!--133--><load arg="10" />
      <!--134--><call arg="QJ.append(J):QJ" />
      <!--135--><enditerate />
      <!--136--><call arg="A.__resolve__(J):J" />
      <!--137--><set arg="paras" />
      <!--138--><dup />
      <!--139--><load arg="0" />
      <!--140--><load arg="2" />
      <!--141--><get arg="ID" />
      <!--142--><push arg="a3" />
      <!--143--><call arg="J.+(J):J" />
      <!--144--><call arg="A.__resolve__(J):J" />
      <!--145--><set arg="ID" />
      <!--146--><pop />
      <!--147--><load arg="7" />
      <!--148--><dup />
      <!--149--><load arg="0" />
      <!--150--><push arg="Authors list" />
      <!--151--><call arg="A.__resolve__(J):J" />
      <!--152--><set arg="title" />
      <!--153--><dup />
      <!--154--><load arg="0" />
      <!--155--><getasm />
      <!--156--><get arg="authorSet" />
      <!--157--><call arg="A.__resolve__(J):J" />
      <!--158--><set arg="paras" />
      <!--159--><dup />
      <!--160--><load arg="0" />
      <!--161--><load arg="2" />
      <!--162--><get arg="ID" />
      <!--163--><push arg="a4" />
      <!--164--><call arg="J.+(J):J" />
      <!--165--><call arg="A.__resolve__(J):J" />
      <!--166--><set arg="ID" />
      <!--167--><pop />
      <!--168--><load arg="8" />
      <!--169--><dup />
      <!--170--><load arg="0" />
      <!--171--><push arg="Titles List" />
      <!--172--><call arg="A.__resolve__(J):J" />
      <!--173--><set arg="title" />
      <!--174--><dup />
      <!--175--><load arg="0" />
      <!--176--><push arg="Sequence" />
      <!--177--><push arg="#native" />
      <!--178--><new />
      <!--179--><getasm />
      <!--180--><get arg="titledEntrySet" />
      <!--181--><iterate />
      <!--182--><store arg="10" />
      <!--183--><getasm />
      <!--184--><load arg="10" />
      <!--185--><push arg="title_para" />
      <!--186--><call arg="J.resolveTemp(JJ):J" />
      <!--187--><call arg="CJ.including(J):CJ" />
      <!--188--><enditerate />
      <!--189--><call arg="A.__resolve__(J):J" />
      <!--190--><set arg="paras" />
      <!--191--><dup />
      <!--192--><load arg="0" />
      <!--193--><load arg="2" />
      <!--194--><get arg="ID" />
      <!--195--><push arg="a5" />
      <!--196--><call arg="J.+(J):J" />
      <!--197--><call arg="A.__resolve__(J):J" />
      <!--198--><set arg="ID" />
      <!--199--><pop />
      <!--200--><load arg="9" />
      <!--201--><dup />
      <!--202--><load arg="0" />
      <!--203--><push arg="Journals List" />
      <!--204--><call arg="A.__resolve__(J):J" />
      <!--205--><set arg="title" />
      <!--206--><dup />
      <!--207--><load arg="0" />
      <!--208--><push arg="Sequence" />
      <!--209--><push arg="#native" />
      <!--210--><new />
      <!--211--><getasm />
      <!--212--><get arg="articleSet" />
      <!--213--><iterate />
      <!--214--><store arg="10" />
      <!--215--><getasm />
      <!--216--><load arg="10" />
      <!--217--><push arg="journal_para" />
      <!--218--><call arg="J.resolveTemp(JJ):J" />
      <!--219--><call arg="CJ.including(J):CJ" />
      <!--220--><enditerate />
      <!--221--><call arg="A.__resolve__(J):J" />
      <!--222--><set arg="paras" />
      <!--223--><dup />
      <!--224--><load arg="0" />
      <!--225--><load arg="2" />
      <!--226--><get arg="ID" />
      <!--227--><push arg="a6" />
      <!--228--><call arg="J.+(J):J" />
      <!--229--><call arg="A.__resolve__(J):J" />
      <!--230--><set arg="ID" />
      <!--231--><pop />
    </code>
    <linenumbertable>
      <lne id="78:13-78:16" begin="35" end="35" />
      <lne id="78:4-78:16" begin="33" end="37" />
      <lne id="79:10-79:13" begin="40" end="40" />
      <lne id="79:10-79:16" begin="40" end="41" />
      <lne id="79:19-79:23" begin="42" end="42" />
      <lne id="79:10-79:23" begin="40" end="43" />
      <lne id="79:4-79:23" begin="38" end="45" />
      <lne id="81:16-81:19" begin="50" end="50" />
      <lne id="81:4-81:19" begin="48" end="52" />
      <lne id="82:10-82:13" begin="55" end="55" />
      <lne id="82:10-82:16" begin="55" end="56" />
      <lne id="82:19-82:23" begin="57" end="57" />
      <lne id="82:10-82:23" begin="55" end="58" />
      <lne id="82:4-82:23" begin="53" end="60" />
      <lne id="84:13-84:34" begin="65" end="65" />
      <lne id="84:4-84:34" begin="63" end="67" />
      <lne id="85:27-85:30" begin="73" end="73" />
      <lne id="85:32-85:35" begin="75" end="75" />
      <lne id="85:37-85:40" begin="77" end="77" />
      <lne id="85:42-85:45" begin="79" end="79" />
      <lne id="85:18-85:46" begin="70" end="80" />
      <lne id="85:4-85:46" begin="68" end="82" />
      <lne id="86:10-86:13" begin="85" end="85" />
      <lne id="86:10-86:16" begin="85" end="86" />
      <lne id="86:19-86:23" begin="87" end="87" />
      <lne id="86:10-86:23" begin="85" end="88" />
      <lne id="86:4-86:23" begin="83" end="90" />
      <lne id="88:13-88:30" begin="95" end="95" />
      <lne id="88:4-88:30" begin="93" end="97" />
      <lne id="89:13-89:31" begin="103" end="105" />
      <lne id="89:13-89:46" begin="103" end="106" />
      <lne id="89:61-89:62" begin="119" end="119" />
      <lne id="89:61-89:65" begin="119" end="120" />
      <lne id="89:61-89:62" begin="123" end="123" />
      <lne id="89:61-89:65" begin="123" end="124" />
      <lne id="89:13-89:66" begin="100" end="135" />
      <lne id="89:4-89:66" begin="98" end="137" />
      <lne id="90:10-90:13" begin="140" end="140" />
      <lne id="90:10-90:16" begin="140" end="141" />
      <lne id="90:19-90:23" begin="142" end="142" />
      <lne id="90:10-90:23" begin="140" end="143" />
      <lne id="90:4-90:23" begin="138" end="145" />
      <lne id="92:13-92:27" begin="150" end="150" />
      <lne id="92:4-92:27" begin="148" end="152" />
      <lne id="93:13-93:23" begin="155" end="155" />
      <lne id="93:13-93:33" begin="155" end="156" />
      <lne id="93:4-93:33" begin="153" end="158" />
      <lne id="94:10-94:13" begin="161" end="161" />
      <lne id="94:10-94:16" begin="161" end="162" />
      <lne id="94:19-94:23" begin="163" end="163" />
      <lne id="94:10-94:23" begin="161" end="164" />
      <lne id="94:4-94:23" begin="159" end="166" />
      <lne id="96:13-96:26" begin="171" end="171" />
      <lne id="96:4-96:26" begin="169" end="173" />
      <lne id="97:13-97:23" begin="179" end="179" />
      <lne id="97:13-97:38" begin="179" end="180" />
      <lne id="97:52-97:62" begin="183" end="183" />
      <lne id="97:75-97:76" begin="184" end="184" />
      <lne id="97:78-97:90" begin="185" end="185" />
      <lne id="97:52-97:91" begin="183" end="186" />
      <lne id="97:13-97:92" begin="176" end="188" />
      <lne id="97:4-97:92" begin="174" end="190" />
      <lne id="98:10-98:13" begin="193" end="193" />
      <lne id="98:10-98:16" begin="193" end="194" />
      <lne id="98:19-98:23" begin="195" end="195" />
      <lne id="98:10-98:23" begin="193" end="196" />
      <lne id="98:4-98:23" begin="191" end="198" />
      <lne id="100:13-100:28" begin="203" end="203" />
      <lne id="100:4-100:28" begin="201" end="205" />
      <lne id="101:13-101:23" begin="211" end="211" />
      <lne id="101:13-101:34" begin="211" end="212" />
      <lne id="101:48-101:58" begin="215" end="215" />
      <lne id="101:71-101:72" begin="216" end="216" />
      <lne id="101:74-101:88" begin="217" end="217" />
      <lne id="101:48-101:89" begin="215" end="218" />
      <lne id="101:13-101:90" begin="208" end="220" />
      <lne id="101:4-101:90" begin="206" end="222" />
      <lne id="102:10-102:13" begin="225" end="225" />
      <lne id="102:10-102:16" begin="225" end="226" />
      <lne id="102:19-102:23" begin="227" end="227" />
      <lne id="102:10-102:23" begin="225" end="228" />
      <lne id="102:4-102:23" begin="223" end="230" />
    </linenumbertable>
    <localvariabletable>
      <lve slot="10" name="e" begin="108" end="134" />
      <lve slot="10" name="e" begin="182" end="187" />
      <lve slot="10" name="e" begin="214" end="219" />
      <lve slot="2" name="bib" begin="3" end="231" />
      <lve slot="3" name="doc" begin="7" end="231" />
      <lve slot="4" name="boo" begin="11" end="231" />
      <lve slot="5" name="art" begin="15" end="231" />
      <lve slot="6" name="se1" begin="19" end="231" />
      <lve slot="7" name="se2" begin="23" end="231" />
      <lve slot="8" name="se3" begin="27" end="231" />
      <lve slot="9" name="se4" begin="31" end="231" />
      <lve slot="0" name="self" begin="0" end="231" />
      <lve slot="1" name="link" begin="0" end="231" />
    </localvariabletable>
  </operation>
  <operation name="__applyAuthor">
    <context type="A" />
    <parameters>
      <parameter name="1" type="NTransientLink;" />
    </parameters>
    <code>
      <!--0--><load arg="1" />
      <!--1--><push arg="a" />
      <!--2--><call arg="NTransientLink;.getSourceElement(S):J" />
      <!--3--><store arg="2" />
      <!--4--><load arg="1" />
      <!--5--><push arg="p1" />
      <!--6--><call arg="NTransientLink;.getTargetElement(S):J" />
      <!--7--><store arg="3" />
      <!--8--><load arg="3" />
      <!--9--><dup />
      <!--10--><load arg="0" />
      <!--11--><load arg="2" />
      <!--12--><get arg="author" />
      <!--13--><call arg="A.__resolve__(J):J" />
      <!--14--><set arg="content" />
      <!--15--><dup />
      <!--16--><load arg="0" />
      <!--17--><load arg="2" />
      <!--18--><get arg="ID" />
      <!--19--><push arg="a7" />
      <!--20--><call arg="J.+(J):J" />
      <!--21--><call arg="A.__resolve__(J):J" />
      <!--22--><set arg="ID" />
      <!--23--><pop />
    </code>
    <linenumbertable>
      <lne id="114:15-114:16" begin="11" end="11" />
      <lne id="114:15-114:23" begin="11" end="12" />
      <lne id="114:4-114:23" begin="9" end="14" />
      <lne id="115:10-115:11" begin="17" end="17" />
      <lne id="115:10-115:14" begin="17" end="18" />
      <lne id="115:17-115:21" begin="19" end="19" />
      <lne id="115:10-115:21" begin="17" end="20" />
      <lne id="115:4-115:21" begin="15" end="22" />
    </linenumbertable>
    <localvariabletable>
      <lve slot="2" name="a" begin="3" end="23" />
      <lve slot="3" name="p1" begin="7" end="23" />
      <lve slot="0" name="self" begin="0" end="23" />
      <lve slot="1" name="link" begin="0" end="23" />
    </localvariabletable>
  </operation>
  <operation name="__applyUntitledEntry">
    <context type="A" />
    <parameters>
      <parameter name="1" type="NTransientLink;" />
    </parameters>
    <code>
      <!--0--><load arg="1" />
      <!--1--><push arg="e" />
      <!--2--><call arg="NTransientLink;.getSourceElement(S):J" />
      <!--3--><store arg="2" />
      <!--4--><load arg="1" />
      <!--5--><push arg="p" />
      <!--6--><call arg="NTransientLink;.getTargetElement(S):J" />
      <!--7--><store arg="3" />
      <!--8--><load arg="3" />
      <!--9--><dup />
      <!--10--><load arg="0" />
      <!--11--><load arg="2" />
      <!--12--><call arg="J.buildEntryPara():J" />
      <!--13--><call arg="A.__resolve__(J):J" />
      <!--14--><set arg="content" />
      <!--15--><dup />
      <!--16--><load arg="0" />
      <!--17--><load arg="2" />
      <!--18--><get arg="ID" />
      <!--19--><push arg="a8" />
      <!--20--><call arg="J.+(J):J" />
      <!--21--><call arg="A.__resolve__(J):J" />
      <!--22--><set arg="ID" />
      <!--23--><pop />
    </code>
    <linenumbertable>
      <lne id="127:15-127:16" begin="11" end="11" />
      <lne id="127:15-127:33" begin="11" end="12" />
      <lne id="127:4-127:33" begin="9" end="14" />
      <lne id="128:10-128:11" begin="17" end="17" />
      <lne id="128:10-128:14" begin="17" end="18" />
      <lne id="128:17-128:21" begin="19" end="19" />
      <lne id="128:10-128:21" begin="17" end="20" />
      <lne id="128:4-128:21" begin="15" end="22" />
    </linenumbertable>
    <localvariabletable>
      <lve slot="2" name="e" begin="3" end="23" />
      <lve slot="3" name="p" begin="7" end="23" />
      <lve slot="0" name="self" begin="0" end="23" />
      <lve slot="1" name="link" begin="0" end="23" />
    </localvariabletable>
  </operation>
  <operation name="__applyTitledEntry_Title_NoArticle">
    <context type="A" />
    <parameters>
      <parameter name="1" type="NTransientLink;" />
    </parameters>
    <code>
      <!--0--><load arg="1" />
      <!--1--><push arg="e" />
      <!--2--><call arg="NTransientLink;.getSourceElement(S):J" />
      <!--3--><store arg="2" />
      <!--4--><load arg="1" />
      <!--5--><push arg="entry_para" />
      <!--6--><call arg="NTransientLink;.getTargetElement(S):J" />
      <!--7--><store arg="3" />
      <!--8--><load arg="1" />
      <!--9--><push arg="title_para" />
      <!--10--><call arg="NTransientLink;.getTargetElement(S):J" />
      <!--11--><store arg="4" />
      <!--12--><load arg="3" />
      <!--13--><dup />
      <!--14--><load arg="0" />
      <!--15--><load arg="2" />
      <!--16--><call arg="J.buildEntryPara():J" />
      <!--17--><call arg="A.__resolve__(J):J" />
      <!--18--><set arg="content" />
      <!--19--><dup />
      <!--20--><load arg="0" />
      <!--21--><load arg="2" />
      <!--22--><get arg="ID" />
      <!--23--><push arg="a9" />
      <!--24--><call arg="J.+(J):J" />
      <!--25--><call arg="A.__resolve__(J):J" />
      <!--26--><set arg="ID" />
      <!--27--><pop />
      <!--28--><load arg="4" />
      <!--29--><dup />
      <!--30--><load arg="0" />
      <!--31--><load arg="2" />
      <!--32--><get arg="title" />
      <!--33--><call arg="A.__resolve__(J):J" />
      <!--34--><set arg="content" />
      <!--35--><dup />
      <!--36--><load arg="0" />
      <!--37--><load arg="2" />
      <!--38--><get arg="ID" />
      <!--39--><push arg="a10" />
      <!--40--><call arg="J.+(J):J" />
      <!--41--><call arg="A.__resolve__(J):J" />
      <!--42--><set arg="ID" />
      <!--43--><pop />
    </code>
    <linenumbertable>
      <lne id="146:15-146:16" begin="15" end="15" />
      <lne id="146:15-146:33" begin="15" end="16" />
      <lne id="146:4-146:33" begin="13" end="18" />
      <lne id="147:10-147:11" begin="21" end="21" />
      <lne id="147:10-147:14" begin="21" end="22" />
      <lne id="147:17-147:21" begin="23" end="23" />
      <lne id="147:10-147:21" begin="21" end="24" />
      <lne id="147:4-147:21" begin="19" end="26" />
      <lne id="149:15-149:16" begin="31" end="31" />
      <lne id="149:15-149:22" begin="31" end="32" />
      <lne id="149:4-149:22" begin="29" end="34" />
      <lne id="150:10-150:11" begin="37" end="37" />
      <lne id="150:10-150:14" begin="37" end="38" />
      <lne id="150:17-150:22" begin="39" end="39" />
      <lne id="150:10-150:22" begin="37" end="40" />
      <lne id="150:4-150:22" begin="35" end="42" />
    </linenumbertable>
    <localvariabletable>
      <lve slot="2" name="e" begin="3" end="43" />
      <lve slot="3" name="entry_para" begin="7" end="43" />
      <lve slot="4" name="title_para" begin="11" end="43" />
      <lve slot="0" name="self" begin="0" end="43" />
      <lve slot="1" name="link" begin="0" end="43" />
    </localvariabletable>
  </operation>
  <operation name="__applyTitledEntry_NoTitle_NoArticle">
    <context type="A" />
    <parameters>
      <parameter name="1" type="NTransientLink;" />
    </parameters>
    <code>
      <!--0--><load arg="1" />
      <!--1--><push arg="e" />
      <!--2--><call arg="NTransientLink;.getSourceElement(S):J" />
      <!--3--><store arg="2" />
      <!--4--><load arg="1" />
      <!--5--><push arg="entry_para" />
      <!--6--><call arg="NTransientLink;.getTargetElement(S):J" />
      <!--7--><store arg="3" />
      <!--8--><load arg="3" />
      <!--9--><dup />
      <!--10--><load arg="0" />
      <!--11--><load arg="2" />
      <!--12--><call arg="J.buildEntryPara():J" />
      <!--13--><call arg="A.__resolve__(J):J" />
      <!--14--><set arg="content" />
      <!--15--><dup />
      <!--16--><load arg="0" />
      <!--17--><load arg="2" />
      <!--18--><get arg="ID" />
      <!--19--><push arg="a11" />
      <!--20--><call arg="J.+(J):J" />
      <!--21--><call arg="A.__resolve__(J):J" />
      <!--22--><set arg="ID" />
      <!--23--><pop />
    </code>
    <linenumbertable>
      <lne id="167:15-167:16" begin="11" end="11" />
      <lne id="167:15-167:33" begin="11" end="12" />
      <lne id="167:4-167:33" begin="9" end="14" />
      <lne id="168:10-168:11" begin="17" end="17" />
      <lne id="168:10-168:14" begin="17" end="18" />
      <lne id="168:17-168:22" begin="19" end="19" />
      <lne id="168:10-168:22" begin="17" end="20" />
      <lne id="168:4-168:22" begin="15" end="22" />
    </linenumbertable>
    <localvariabletable>
      <lve slot="2" name="e" begin="3" end="23" />
      <lve slot="3" name="entry_para" begin="7" end="23" />
      <lve slot="0" name="self" begin="0" end="23" />
      <lve slot="1" name="link" begin="0" end="23" />
    </localvariabletable>
  </operation>
  <operation name="__applyArticle_Title_Journal">
    <context type="A" />
    <parameters>
      <parameter name="1" type="NTransientLink;" />
    </parameters>
    <code>
      <!--0--><load arg="1" />
      <!--1--><push arg="e" />
      <!--2--><call arg="NTransientLink;.getSourceElement(S):J" />
      <!--3--><store arg="2" />
      <!--4--><load arg="1" />
      <!--5--><push arg="entry_para" />
      <!--6--><call arg="NTransientLink;.getTargetElement(S):J" />
      <!--7--><store arg="3" />
      <!--8--><load arg="1" />
      <!--9--><push arg="title_para" />
      <!--10--><call arg="NTransientLink;.getTargetElement(S):J" />
      <!--11--><store arg="4" />
      <!--12--><load arg="1" />
      <!--13--><push arg="journal_para" />
      <!--14--><call arg="NTransientLink;.getTargetElement(S):J" />
      <!--15--><store arg="5" />
      <!--16--><load arg="3" />
      <!--17--><dup />
      <!--18--><load arg="0" />
      <!--19--><load arg="2" />
      <!--20--><call arg="J.buildEntryPara():J" />
      <!--21--><call arg="A.__resolve__(J):J" />
      <!--22--><set arg="content" />
      <!--23--><dup />
      <!--24--><load arg="0" />
      <!--25--><load arg="2" />
      <!--26--><get arg="ID" />
      <!--27--><push arg="a12" />
      <!--28--><call arg="J.+(J):J" />
      <!--29--><call arg="A.__resolve__(J):J" />
      <!--30--><set arg="ID" />
      <!--31--><pop />
      <!--32--><load arg="4" />
      <!--33--><dup />
      <!--34--><load arg="0" />
      <!--35--><load arg="2" />
      <!--36--><get arg="title" />
      <!--37--><call arg="A.__resolve__(J):J" />
      <!--38--><set arg="content" />
      <!--39--><dup />
      <!--40--><load arg="0" />
      <!--41--><load arg="2" />
      <!--42--><get arg="ID" />
      <!--43--><push arg="a13" />
      <!--44--><call arg="J.+(J):J" />
      <!--45--><call arg="A.__resolve__(J):J" />
      <!--46--><set arg="ID" />
      <!--47--><pop />
      <!--48--><load arg="5" />
      <!--49--><dup />
      <!--50--><load arg="0" />
      <!--51--><load arg="2" />
      <!--52--><get arg="journal" />
      <!--53--><call arg="A.__resolve__(J):J" />
      <!--54--><set arg="content" />
      <!--55--><dup />
      <!--56--><load arg="0" />
      <!--57--><load arg="2" />
      <!--58--><get arg="ID" />
      <!--59--><push arg="a14" />
      <!--60--><call arg="J.+(J):J" />
      <!--61--><call arg="A.__resolve__(J):J" />
      <!--62--><set arg="ID" />
      <!--63--><pop />
    </code>
    <linenumbertable>
      <lne id="188:15-188:16" begin="19" end="19" />
      <lne id="188:15-188:33" begin="19" end="20" />
      <lne id="188:4-188:33" begin="17" end="22" />
      <lne id="189:10-189:11" begin="25" end="25" />
      <lne id="189:10-189:14" begin="25" end="26" />
      <lne id="189:17-189:22" begin="27" end="27" />
      <lne id="189:10-189:22" begin="25" end="28" />
      <lne id="189:4-189:22" begin="23" end="30" />
      <lne id="191:15-191:16" begin="35" end="35" />
      <lne id="191:15-191:22" begin="35" end="36" />
      <lne id="191:4-191:22" begin="33" end="38" />
      <lne id="192:10-192:11" begin="41" end="41" />
      <lne id="192:10-192:14" begin="41" end="42" />
      <lne id="192:17-192:22" begin="43" end="43" />
      <lne id="192:10-192:22" begin="41" end="44" />
      <lne id="192:4-192:22" begin="39" end="46" />
      <lne id="194:15-194:16" begin="51" end="51" />
      <lne id="194:15-194:24" begin="51" end="52" />
      <lne id="194:4-194:24" begin="49" end="54" />
      <lne id="195:10-195:11" begin="57" end="57" />
      <lne id="195:10-195:14" begin="57" end="58" />
      <lne id="195:17-195:22" begin="59" end="59" />
      <lne id="195:10-195:22" begin="57" end="60" />
      <lne id="195:4-195:22" begin="55" end="62" />
    </linenumbertable>
    <localvariabletable>
      <lve slot="2" name="e" begin="3" end="63" />
      <lve slot="3" name="entry_para" begin="7" end="63" />
      <lve slot="4" name="title_para" begin="11" end="63" />
      <lve slot="5" name="journal_para" begin="15" end="63" />
      <lve slot="0" name="self" begin="0" end="63" />
      <lve slot="1" name="link" begin="0" end="63" />
    </localvariabletable>
  </operation>
  <operation name="__applyArticle_NoTitle_Journal">
    <context type="A" />
    <parameters>
      <parameter name="1" type="NTransientLink;" />
    </parameters>
    <code>
      <!--0--><load arg="1" />
      <!--1--><push arg="e" />
      <!--2--><call arg="NTransientLink;.getSourceElement(S):J" />
      <!--3--><store arg="2" />
      <!--4--><load arg="1" />
      <!--5--><push arg="entry_para" />
      <!--6--><call arg="NTransientLink;.getTargetElement(S):J" />
      <!--7--><store arg="3" />
      <!--8--><load arg="1" />
      <!--9--><push arg="journal_para" />
      <!--10--><call arg="NTransientLink;.getTargetElement(S):J" />
      <!--11--><store arg="4" />
      <!--12--><load arg="3" />
      <!--13--><dup />
      <!--14--><load arg="0" />
      <!--15--><load arg="2" />
      <!--16--><call arg="J.buildEntryPara():J" />
      <!--17--><call arg="A.__resolve__(J):J" />
      <!--18--><set arg="content" />
      <!--19--><dup />
      <!--20--><load arg="0" />
      <!--21--><load arg="2" />
      <!--22--><get arg="ID" />
      <!--23--><push arg="a15" />
      <!--24--><call arg="J.+(J):J" />
      <!--25--><call arg="A.__resolve__(J):J" />
      <!--26--><set arg="ID" />
      <!--27--><pop />
      <!--28--><load arg="4" />
      <!--29--><dup />
      <!--30--><load arg="0" />
      <!--31--><load arg="2" />
      <!--32--><get arg="journal" />
      <!--33--><call arg="A.__resolve__(J):J" />
      <!--34--><set arg="content" />
      <!--35--><dup />
      <!--36--><load arg="0" />
      <!--37--><load arg="2" />
      <!--38--><get arg="ID" />
      <!--39--><push arg="a16" />
      <!--40--><call arg="J.+(J):J" />
      <!--41--><call arg="A.__resolve__(J):J" />
      <!--42--><set arg="ID" />
      <!--43--><pop />
    </code>
    <linenumbertable>
      <lne id="214:15-214:16" begin="15" end="15" />
      <lne id="214:15-214:33" begin="15" end="16" />
      <lne id="214:4-214:33" begin="13" end="18" />
      <lne id="215:10-215:11" begin="21" end="21" />
      <lne id="215:10-215:14" begin="21" end="22" />
      <lne id="215:17-215:22" begin="23" end="23" />
      <lne id="215:10-215:22" begin="21" end="24" />
      <lne id="215:4-215:22" begin="19" end="26" />
      <lne id="217:15-217:16" begin="31" end="31" />
      <lne id="217:15-217:24" begin="31" end="32" />
      <lne id="217:4-217:24" begin="29" end="34" />
      <lne id="218:10-218:11" begin="37" end="37" />
      <lne id="218:10-218:14" begin="37" end="38" />
      <lne id="218:17-218:22" begin="39" end="39" />
      <lne id="218:10-218:22" begin="37" end="40" />
      <lne id="218:4-218:22" begin="35" end="42" />
    </linenumbertable>
    <localvariabletable>
      <lve slot="2" name="e" begin="3" end="43" />
      <lve slot="3" name="entry_para" begin="7" end="43" />
      <lve slot="4" name="journal_para" begin="11" end="43" />
      <lve slot="0" name="self" begin="0" end="43" />
      <lve slot="1" name="link" begin="0" end="43" />
    </localvariabletable>
  </operation>
  <operation name="__applyArticle_Title_NoJournal">
    <context type="A" />
    <parameters>
      <parameter name="1" type="NTransientLink;" />
    </parameters>
    <code>
      <!--0--><load arg="1" />
      <!--1--><push arg="e" />
      <!--2--><call arg="NTransientLink;.getSourceElement(S):J" />
      <!--3--><store arg="2" />
      <!--4--><load arg="1" />
      <!--5--><push arg="entry_para" />
      <!--6--><call arg="NTransientLink;.getTargetElement(S):J" />
      <!--7--><store arg="3" />
      <!--8--><load arg="1" />
      <!--9--><push arg="title_para" />
      <!--10--><call arg="NTransientLink;.getTargetElement(S):J" />
      <!--11--><store arg="4" />
      <!--12--><load arg="3" />
      <!--13--><dup />
      <!--14--><load arg="0" />
      <!--15--><load arg="2" />
      <!--16--><call arg="J.buildEntryPara():J" />
      <!--17--><call arg="A.__resolve__(J):J" />
      <!--18--><set arg="content" />
      <!--19--><dup />
      <!--20--><load arg="0" />
      <!--21--><load arg="2" />
      <!--22--><get arg="ID" />
      <!--23--><push arg="a17" />
      <!--24--><call arg="J.+(J):J" />
      <!--25--><call arg="A.__resolve__(J):J" />
      <!--26--><set arg="ID" />
      <!--27--><pop />
      <!--28--><load arg="4" />
      <!--29--><dup />
      <!--30--><load arg="0" />
      <!--31--><load arg="2" />
      <!--32--><get arg="title" />
      <!--33--><call arg="A.__resolve__(J):J" />
      <!--34--><set arg="content" />
      <!--35--><dup />
      <!--36--><load arg="0" />
      <!--37--><load arg="2" />
      <!--38--><get arg="ID" />
      <!--39--><push arg="a18" />
      <!--40--><call arg="J.+(J):J" />
      <!--41--><call arg="A.__resolve__(J):J" />
      <!--42--><set arg="ID" />
      <!--43--><pop />
    </code>
    <linenumbertable>
      <lne id="237:15-237:16" begin="15" end="15" />
      <lne id="237:15-237:33" begin="15" end="16" />
      <lne id="237:4-237:33" begin="13" end="18" />
      <lne id="238:10-238:11" begin="21" end="21" />
      <lne id="238:10-238:14" begin="21" end="22" />
      <lne id="238:17-238:22" begin="23" end="23" />
      <lne id="238:10-238:22" begin="21" end="24" />
      <lne id="238:4-238:22" begin="19" end="26" />
      <lne id="240:15-240:16" begin="31" end="31" />
      <lne id="240:15-240:22" begin="31" end="32" />
      <lne id="240:4-240:22" begin="29" end="34" />
      <lne id="241:10-241:11" begin="37" end="37" />
      <lne id="241:10-241:14" begin="37" end="38" />
      <lne id="241:17-241:22" begin="39" end="39" />
      <lne id="241:10-241:22" begin="37" end="40" />
      <lne id="241:4-241:22" begin="35" end="42" />
    </linenumbertable>
    <localvariabletable>
      <lve slot="2" name="e" begin="3" end="43" />
      <lve slot="3" name="entry_para" begin="7" end="43" />
      <lve slot="4" name="title_para" begin="11" end="43" />
      <lve slot="0" name="self" begin="0" end="43" />
      <lve slot="1" name="link" begin="0" end="43" />
    </localvariabletable>
  </operation>
  <operation name="__applyArticle_NoTitle_NoJournal">
    <context type="A" />
    <parameters>
      <parameter name="1" type="NTransientLink;" />
    </parameters>
    <code>
      <!--0--><load arg="1" />
      <!--1--><push arg="e" />
      <!--2--><call arg="NTransientLink;.getSourceElement(S):J" />
      <!--3--><store arg="2" />
      <!--4--><load arg="1" />
      <!--5--><push arg="entry_para" />
      <!--6--><call arg="NTransientLink;.getTargetElement(S):J" />
      <!--7--><store arg="3" />
      <!--8--><load arg="3" />
      <!--9--><dup />
      <!--10--><load arg="0" />
      <!--11--><load arg="2" />
      <!--12--><call arg="J.buildEntryPara():J" />
      <!--13--><call arg="A.__resolve__(J):J" />
      <!--14--><set arg="content" />
      <!--15--><dup />
      <!--16--><load arg="0" />
      <!--17--><load arg="2" />
      <!--18--><get arg="ID" />
      <!--19--><push arg="a19" />
      <!--20--><call arg="J.+(J):J" />
      <!--21--><call arg="A.__resolve__(J):J" />
      <!--22--><set arg="ID" />
      <!--23--><pop />
    </code>
    <linenumbertable>
      <lne id="259:15-259:16" begin="11" end="11" />
      <lne id="259:15-259:33" begin="11" end="12" />
      <lne id="259:4-259:33" begin="9" end="14" />
      <lne id="260:10-260:11" begin="17" end="17" />
      <lne id="260:10-260:14" begin="17" end="18" />
      <lne id="260:17-260:22" begin="19" end="19" />
      <lne id="260:10-260:22" begin="17" end="20" />
      <lne id="260:4-260:22" begin="15" end="22" />
    </linenumbertable>
    <localvariabletable>
      <lve slot="2" name="e" begin="3" end="23" />
      <lve slot="3" name="entry_para" begin="7" end="23" />
      <lve slot="0" name="self" begin="0" end="23" />
      <lve slot="1" name="link" begin="0" end="23" />
    </localvariabletable>
  </operation>
</asm>
